-- MySQL dump 10.13  Distrib 8.4.8, for Linux (x86_64)
--
-- Host: 127.0.0.1    Database: mysql
-- ------------------------------------------------------
-- Server version	8.4.8-google

/*!40101 SET @OLD_CHARACTER_SET_CLIENT=@@CHARACTER_SET_CLIENT */;
/*!40101 SET @OLD_CHARACTER_SET_RESULTS=@@CHARACTER_SET_RESULTS */;
/*!40101 SET @OLD_COLLATION_CONNECTION=@@COLLATION_CONNECTION */;
/*!50503 SET NAMES utf8mb4 */;
/*!40103 SET @OLD_TIME_ZONE=@@TIME_ZONE */;
/*!40103 SET TIME_ZONE='+00:00' */;
/*!40014 SET @OLD_UNIQUE_CHECKS=@@UNIQUE_CHECKS, UNIQUE_CHECKS=0 */;
/*!40014 SET @OLD_FOREIGN_KEY_CHECKS=@@FOREIGN_KEY_CHECKS, FOREIGN_KEY_CHECKS=0 */;
/*!40101 SET @OLD_SQL_MODE=@@SQL_MODE, SQL_MODE='NO_AUTO_VALUE_ON_ZERO' */;
/*!40111 SET @OLD_SQL_NOTES=@@SQL_NOTES, SQL_NOTES=0 */;

--
-- Current Database: `youtube_tracker`
--

CREATE DATABASE /*!32312 IF NOT EXISTS*/ `youtube_tracker` /*!40100 DEFAULT CHARACTER SET utf8mb4 COLLATE utf8mb4_0900_ai_ci */ /*!80016 DEFAULT ENCRYPTION='N' */;

USE `youtube_tracker`;

--
-- Table structure for table `channel_categories`
--

DROP TABLE IF EXISTS `channel_categories`;
/*!40101 SET @saved_cs_client     = @@character_set_client */;
/*!50503 SET character_set_client = utf8mb4 */;
CREATE TABLE `channel_categories` (
  `id` int NOT NULL AUTO_INCREMENT,
  `user_id` int unsigned NOT NULL,
  `name` varchar(100) NOT NULL,
  `sort_order` int DEFAULT '99',
  PRIMARY KEY (`id`),
  UNIQUE KEY `uq_channel_categories_user_name` (`user_id`,`name`),
  CONSTRAINT `fk_channel_categories_user` FOREIGN KEY (`user_id`) REFERENCES `users` (`id`) ON DELETE CASCADE
) ENGINE=InnoDB AUTO_INCREMENT=38 DEFAULT CHARSET=utf8mb4 COLLATE=utf8mb4_0900_ai_ci;
/*!40101 SET character_set_client = @saved_cs_client */;

--
-- Dumping data for table `channel_categories`
--

LOCK TABLES `channel_categories` WRITE;
/*!40000 ALTER TABLE `channel_categories` DISABLE KEYS */;
INSERT INTO `channel_categories` VALUES (1,1,'科技',16),(2,1,'生活',2),(3,1,'知識 冷',10),(4,1,'旅遊',9),(5,1,'籃球',18),(6,1,'娛樂 威士忌 調酒',21),(7,1,'健身',30),(8,1,'新聞',25),(9,1,'音樂',33),(10,1,'3C',15),(11,1,'汽車',17),(13,1,'生活 卡車',7),(15,1,'理財',12),(16,1,'生活 貨輪',6),(17,1,'房產',20),(18,1,'生活 中',4),(19,1,'生活 馬來西亞',5),(20,1,'移民',19),(21,1,'旅遊 日本',8),(22,1,'知識 醫學',11),(23,1,'創業',13),(24,1,'製造',14),(25,1,'料理',32),(26,1,'動畫',29),(27,1,'語言 日語',24),(28,1,'網紅',1),(29,1,'畫',28),(31,1,'生活 澳洲',3),(32,1,'裝潢',27),(33,1,'職業',23),(34,1,'城市交通建設',31),(35,1,'賽車',26),(36,1,'衝浪露營',22);
/*!40000 ALTER TABLE `channel_categories` ENABLE KEYS */;
UNLOCK TABLES;

--
-- Table structure for table `channels`
--

DROP TABLE IF EXISTS `channels`;
/*!40101 SET @saved_cs_client     = @@character_set_client */;
/*!50503 SET character_set_client = utf8mb4 */;
CREATE TABLE `channels` (
  `id` int NOT NULL AUTO_INCREMENT,
  `user_id` int unsigned NOT NULL,
  `name` varchar(255) CHARACTER SET utf8mb4 COLLATE utf8mb4_unicode_ci NOT NULL,
  `url` varchar(255) CHARACTER SET utf8mb4 COLLATE utf8mb4_unicode_ci NOT NULL,
  `channel_id` varchar(50) CHARACTER SET utf8mb4 COLLATE utf8mb4_unicode_ci NOT NULL,
  `note` text CHARACTER SET utf8mb4 COLLATE utf8mb4_unicode_ci,
  `added_at` timestamp NOT NULL DEFAULT CURRENT_TIMESTAMP,
  `subscribed_at` datetime NOT NULL DEFAULT CURRENT_TIMESTAMP,
  `description` text CHARACTER SET utf8mb4 COLLATE utf8mb4_unicode_ci,
  `subscriber_count` int DEFAULT '0',
  `video_count` int DEFAULT '0',
  `is_favorite` tinyint(1) NOT NULL DEFAULT '0',
  `thumbnail_url` varchar(255) CHARACTER SET utf8mb4 COLLATE utf8mb4_unicode_ci DEFAULT NULL,
  `published_at` datetime DEFAULT NULL,
  `category_id` int DEFAULT NULL,
  PRIMARY KEY (`id`),
  KEY `fk_channels_category` (`category_id`),
  KEY `idx_channels_user` (`user_id`),
  CONSTRAINT `fk_channels_category` FOREIGN KEY (`category_id`) REFERENCES `channel_categories` (`id`) ON DELETE SET NULL ON UPDATE CASCADE,
  CONSTRAINT `fk_channels_user` FOREIGN KEY (`user_id`) REFERENCES `users` (`id`) ON DELETE CASCADE
) ENGINE=InnoDB AUTO_INCREMENT=165 DEFAULT CHARSET=utf8mb4 COLLATE=utf8mb4_unicode_ci;
/*!40101 SET character_set_client = @saved_cs_client */;

--
-- Dumping data for table `channels`
--

LOCK TABLES `channels` WRITE;
/*!40000 ALTER TABLE `channels` DISABLE KEYS */;
INSERT INTO `channels` VALUES (1,1,'1K圖解','https://www.youtube.com/channel/UC0JmsGA2RoO9YXH3bD2h18w','UC0JmsGA2RoO9YXH3bD2h18w',NULL,'2025-06-18 11:59:37','2025-06-18 19:59:37','每一個問題，都有一個解決方案。 每一個解決方案，都會引發新的問題。\n\n航空記者，飛行員，動畫師，我的兩便士\n\n全網僅油管一處，墻内皆爲盜版\n\n商務合作：ck110new@gmail.com\n\n贊助本頻道：https://paypal.me/1kdoc\n\n',102000,191,0,'https://yt3.ggpht.com/86D29QT7WjyXHUPLWu0_LHQhttiwx4Fi40fft5OCuEY_RLVqhYkfKpEnMM_ycSWkwYkVSh7njos=s88-c-k-c0x00ffffff-no-rj','2008-01-28 22:46:36',3),(4,1,'7Car小七車觀點','https://www.youtube.com/channel/UCG_gH6S-2ZUOtEw27uIS_QA','UCG_gH6S-2ZUOtEw27uIS_QA',NULL,'2025-06-18 12:18:31','2025-06-18 20:18:31','《7Car 小七車觀點》每日提供最迅速、詳實的汽機車資訊，於 2007 年成立於奇摩部落格， 2008 年入選奇摩摩人，成為全台最大汽機車部落格，並於 2013 年正式轉型為汽機車媒體。\n每日提供閱聽眾最新、最多元的汽機車資訊，目前旗下設立《7Car 小七車觀點》、《Truck.tw 商車王》、《Auto Future 車未來》三大網站，YouTube、Facebook、Instagram、TikTok...等社群平台均有官方帳號，資訊內容亦授權 Google 新聞、Line today、Nownews、PC home 新聞、民視新聞網...等各大綜合性媒體平台傳遞。\n於新車資訊外，更提供全球各地的車輛產業、車輛文化及車輛娛樂...等多元資訊，期望以全球化、多元性的豐富題材，為提昇台灣車輛文化略盡棉薄之力。\n\n創辦人暨主持人：曾彥豪 〈小七〉\n私立亞東技術學院機械科汽車組畢業、國立台北科技大學車輛工程系學士、碩士。\n乙級汽車修護技術士、乙級汽車修護技工執照。\n1995 年起投身車輛產業，歷任修護技工、業代、汽車雜誌編輯、車廠品牌行銷專員、車廠行銷/銷售主管、各品牌訓練講師，具豐富產業實戰經驗。\n自幼熱愛汽車，收藏各式老車近百輛、汽車書籍、型錄、雜誌、文獻超過餘萬件，為台灣知名老車收藏家與車輛文化推廣者。\n2013 年將《7car 小七車觀點》正式改版為汽機車媒體，目前經營《7car 小七車觀點》、《Truck.tw 商車王》、《Auto Future 車未來》及其它業外事業，並為各大電視新聞台、汽車節目、廣播節目邀訪來賓。\n\n',286000,4200,0,'https://yt3.ggpht.com/ytc/AIdro_ndVSTt24ctwqFW7zr4fY0R3xDrFpZRs4Ut5_-mdzTuZeU=s88-c-k-c0x00ffffff-no-rj','2013-10-30 05:19:16',11),(5,1,'大耳朵TV','https://www.youtube.com/channel/UCD_cg9Tak9SvlPHRsWxUIpA','UCD_cg9Tak9SvlPHRsWxUIpA',NULL,'2025-06-18 14:20:46','2025-06-18 22:20:46','商務聯繫郵箱st.nam0115@gmail.com，未加入任何MCN；坐標韓國，主要分享數碼產品評測及生活VLOG，請關注我的頻道！',403000,1013,0,'https://yt3.ggpht.com/ytc/AIdro_l4LXYOnJTKQC98hDEsdLQ1V6uiCUTP9zbQN5fPbJCa_do=s88-c-k-c0x00ffffff-no-rj','2017-05-18 02:05:20',10),(9,1,'维森来了Wilson','https://www.youtube.com/channel/UCQDixlPvtUhNbllbIPv-hfA','UCQDixlPvtUhNbllbIPv-hfA',NULL,'2025-06-21 03:01:26','2025-06-21 11:01:26','大家好，我是维森，这是我在YouTube的唯一账号\n我想寻找世界的真相\n分享旅途中的见闻\nHi everyone, I\'m Wilson.\nThis is my only YouTube channel. \nJoin me as I explore the truth about the world \nand share the insights and experiences I gather on this journey\n',111000,70,0,'https://yt3.ggpht.com/fCa87JWhoXhbVmc2imJnsUYW15DP9CdeGk3T_EFjOA9UWKBiZJV_lHgqGWgspHfXpiGcUSzDGNM=s88-c-k-c0x00ffffff-no-rj','2015-07-26 12:12:05',4),(14,1,'十三要和拳头','https://www.youtube.com/@shisanyao','UCduz2zplHaYCAtiaEIcxErw',NULL,'2025-06-21 03:43:15','2025-06-21 11:43:15','探索世界有趣的角落。\n这是“十三要和拳头”在YouTube的唯一频道！\n已从中国自驾房车去冰岛！已环游17个国家\n环游世界！更爱祖国！\n欢迎订阅！旅行VLOG持续更新中！\n商业合作： 736642311@qq.com【备注十三要+品牌信息】',221000,384,0,'https://yt3.ggpht.com/Cx2k37xBJgvRo30_uX_dK45uNdwbO6K-pI_Pva9_iHXnCVqygaYkyf0xz5ZfcBMV-rE_tC0Dqw=s88-c-k-c0x00ffffff-no-rj','2021-01-22 03:13:37',NULL),(16,1,'【Aha Videos】','https://www.youtube.com/channel/UCYXiFjyLvFmEGgKiOp7lqbA/videos','UCYXiFjyLvFmEGgKiOp7lqbA',NULL,'2025-06-21 03:57:21','2025-06-21 11:57:21','有浓度、有深度、反映当代现实情绪的原创非虚构短视频品牌。\n\n【Aha Videos】as an original documentary video channel brand will reflect people’s emotions in contemporary reality with deeply views and human interest.',105000,164,0,'https://yt3.ggpht.com/ytc/AIdro_mQ8w5ekJ3LJ8shxIhplVOku15D6GyHvd7GIDlUX0Fv0w=s88-c-k-c0x00ffffff-no-rj','2017-12-13 09:57:57',3),(17,1,' 史考特 Walking Wild','https://www.youtube.com/channel/UChkvwGyHIFUZmW35z0NEsUw/videos','UChkvwGyHIFUZmW35z0NEsUw',NULL,'2025-06-21 03:58:19','2025-06-21 11:58:19','\"希望透過影片讓大家看到各個角落值得分享的人, 動物, 與故事\" - Scott',60800,35,0,'https://yt3.ggpht.com/iDpbTv4_RZBlKY5IfuGEoVOUALQGFLWWbls-UYGqu_dct0EpNRPai-5XWlx3BXDnqUv2cp-z3CI=s88-c-k-c0x00ffffff-no-rj','2020-05-16 06:46:09',3),(18,1,'李船長筆記','https://www.youtube.com/channel/UCUCycRb1bBBVOj-x96EfMNQ/videos','UCUCycRb1bBBVOj-x96EfMNQ',NULL,'2025-06-21 03:59:10','2025-06-21 11:59:10','高级船长职称，一个真正的远洋船长，驾驶世界最大集装箱船，带你环游世界，探索神秘的海洋，科普航海知识，真实展现当代海员实际工作与生活\nI am the captain of a large container ship. I have been a captain for 16 years. I love the sea and ships. I really want to share what I see with you here. My videos are all shot by myself.\n',258000,654,0,'https://yt3.ggpht.com/ytc/AIdro_nOdIPW3l8lv2KEEBDDM2zmCf0EbjAG3h4XvQdAopbveA=s88-c-k-c0x00ffffff-no-rj','2020-01-02 13:48:10',16),(19,1,'澤北SG','https://www.youtube.com/channel/UC7A3Mbc2g61ccaOg6kvSw7A','UC7A3Mbc2g61ccaOg6kvSw7A',NULL,'2025-06-21 04:02:45','2025-06-21 12:02:45','即使只是個坐板凳的吊車尾，為了籃球也要全力向前衝啊！\n無論打球、評球還是寫球都非專業人士，一切只為熱愛。\nAll For Basketball, Love And Peace.\n\n商務合作：hzynbusiness@outlook.com\n',185000,1037,0,'https://yt3.ggpht.com/Zq76LrrgmqLIZ3fnMrIDc9ROuzF0IDsCktUFiyq3SlP5w3snu9eU7KEqcW38shYzK6jZFN1Cjw=s88-c-k-c0x00ffffff-no-rj','2022-09-07 02:14:23',5),(20,1,'10N觀點','https://www.youtube.com/channel/UCpr8r7y1k8Cr3jYFGOTh5lg/videos','UCpr8r7y1k8Cr3jYFGOTh5lg',NULL,'2025-06-21 04:03:00','2025-06-21 12:03:00','嘿！我是10N，熱愛體育、熱愛籃球。\n\n愛聽故事，\n愛說故事，\n愛寫故事。\n\nDon\'t give up speaking out of turn, once gave up, the game is over.\n',137000,245,0,'https://yt3.ggpht.com/ytc/AIdro_ncmgzTsdgQsOOYnT2hCE3YLDkHlP3jRbUt2bmOTR1O-w=s88-c-k-c0x00ffffff-no-rj','2019-05-28 02:35:16',5),(21,1,'11区小豪的故事','https://www.youtube.com/channel/UCk5yPS6FfbJjeaY-PwczPvw/videos','UCk5yPS6FfbJjeaY-PwczPvw',NULL,'2025-06-21 04:07:12','2025-06-21 12:07:12','日本一住就是15年啊！ 平时主要卖房子 然后在拍拍vlog、周五更新（基本）！日本房产经纪人呢！',110000,328,0,'https://yt3.ggpht.com/ytc/AIdro_m4KNuAS0UmFuqrwL9FcXw7gg-VYFfOiVZqXOYd__zb20U=s88-c-k-c0x00ffffff-no-rj','2014-08-12 16:01:50',17),(22,1,'20岁了还没去过星巴克','https://www.youtube.com/channel/UCsdLbTwziL6Tg97swkuThSg/videos','UCsdLbTwziL6Tg97swkuThSg',NULL,'2025-06-21 04:08:05','2025-06-21 12:08:05','联系方式：sandorclegane@yeah.net\nB站：https://space.bilibili.com/4249401\n日常在微博：二十岁了还没有去过星巴克',202000,300,0,'https://yt3.ggpht.com/ytc/AIdro_kIWvGHlvPnI76f44ozyMBtYG31iHGKqmE7wp_gBQ9im5U=s88-c-k-c0x00ffffff-no-rj','2013-08-14 09:07:07',18),(23,1,'30而立','https://www.youtube.com/channel/UC9198FdDrCV25H7XJblzmZw/videos','UC9198FdDrCV25H7XJblzmZw',NULL,'2025-06-21 04:09:06','2025-06-21 12:09:06','YouTube，借我平台紀錄一下\n\n合作邀約信箱\n/\n30afraid@gmail.com',26300,102,0,'https://yt3.ggpht.com/kEzy390_GSpB01eb5jhHeSuBjtsLrNtOqwgX8MPlq5ZNPZ_mQ7_yCDV2k4FksKoWoT3Ugnpp=s88-c-k-c0x00ffffff-no-rj','2018-02-27 07:37:39',2),(24,1,'Dumpling Soda','https://www.youtube.com/channel/UCI0i7CaDK2KVuwLE1zYhuTQ','UCI0i7CaDK2KVuwLE1zYhuTQ',NULL,'2025-06-22 00:32:25','2025-06-22 08:32:25','Hihi👋 \n\n合作邀約，請直接聯繫：Creator Studio\nEmail: business@creatorstudioco.com\n',1010000,471,0,'https://yt3.ggpht.com/l_OGpu0bv5AgsDJf-lxLY-p8-IXHQeV7hDypnCwJojCqjs8RNpsivvHQW8hM2e-uXr8-vDgJ3iw=s88-c-k-c0x00ffffff-no-rj','2015-05-10 12:34:38',19),(25,1,'Eric Stone Trucker','https://www.youtube.com/channel/UC91kNLCdrU2gZ0jQd9ANm8g','UC91kNLCdrU2gZ0jQd9ANm8g',NULL,'2025-06-22 00:32:46','2025-06-22 08:32:46','Hi, I’m a long-haul truck driver from Taiwan, sharing my life on the road across Canada and the U.S.! On this channel, you’ll find insights into the daily life of a truck driver, stunning highway views, and tips about truck driving. My goal is to give you a glimpse into this profession and bring you along to experience North American trucking culture. Thank you for subscription!\n\n大家好，我是來自台灣的長途卡車司機，分享在加拿大和美國駕駛卡車的生活點滴！這裡可以看到卡車司機的日常、加拿大和美國的公路風景，還有卡車相關知識和經驗。希望能夠讓大家更了解這份工作，並且和我一起體驗北美的卡車文化，歡迎訂閱！\n\nInstagram: Eric_Stone_Trucker\nFacebook: Eric Stone Trucker\nEmail: ericjhang@icloud.com\n',97900,46,0,'https://yt3.ggpht.com/-cT-FOQHEH7kZGkwZTAHumv5olmmA3dC1zroHSdPY3Q2fli7tgGKd6usKr7ZtzaUL3Y2pf1YRT0=s88-c-k-c0x00ffffff-no-rj','2012-01-26 02:53:22',13),(26,1,'56BelowTV 零下56','https://www.youtube.com/channel/UCSX99Rvq5dszj6rzAPkdglA/videos','UCSX99Rvq5dszj6rzAPkdglA',NULL,'2025-06-22 00:42:08','2025-06-22 08:42:08','华人移民，百味人生!\n\n频道会员开通啦！有专属徽章，独享视频等优势，记得点击订阅哦：https://www.youtube.com/channel/UCSX99Rvq5dszj6rzAPkdglA/join\n\n如果你或者你身边的人想分享自己的移民故事，请联系工作室邮箱：Talk@56Below.com\n\n———————————————————————————————————————————\n\n【零下56】网站：http://www.56Below.com\n\n如果你想找联系我们，除了可以扫码视频内二维码外，还可以直接添加以下联系方式：\n\n顾问Ada微信：Yukon56\n顾问Bella微信：Dongnan56 \n顾问Chloe微信：Vancouver56\n顾问Doris微信：Edmonton56\n顾问Eldora微信：Eldora56\n顾问Gerda微信：Gerda56\nTelegram： Dongnan56\nWhatsApp：+1 5879662656\nEmail: info@56Below.com \n\n欢迎订阅微信公众号：56Below\n',552000,1162,0,'https://yt3.ggpht.com/ytc/AIdro_lipWfr05o_6CSvTmpo-bfMwaNqNrUUfIA8tpCYmvXrVA=s88-c-k-c0x00ffffff-no-rj','2019-12-27 05:53:04',20),(27,1,'70后慢生活','https://www.youtube.com/channel/UCTJgyolORtxo_xwePdggk4w/videos','UCTJgyolORtxo_xwePdggk4w',NULL,'2025-06-22 00:42:33','2025-06-22 08:42:33','大家好！我们是持MM2H签证，旅居马来西亚多年的上海家庭。\n女儿原在大马读国际高中，后衔接澳洲大学就读，现已回国就业。\n而我们因喜爱这个国家，所以目前仍在槟城与上海二地居住，享受候鸟生活！\n旅居大马有子女教育，生活成本，环境质量，社会风气等诸多方面的考虑。希望我能从一个中国家庭的角度把我们在大马，国内的真实生活体验分享给大家~\n分享生活是一种乐趣，感谢大家的支持和收看！\n另外，欢迎同时关注副频道：金宝宝 https://www.youtube.com/channel/UCyY_E8J0KAbOsyT0Xpnr0yQ\n邮箱地址：tuixiuriji70@163.com',327000,138,0,'https://yt3.ggpht.com/ytc/AIdro_mxwg3C0N3idGiqTVvkiRs0K_RRzbu6kMIoMfBiTebSIw=s88-c-k-c0x00ffffff-no-rj','2018-06-08 00:04:57',19),(28,1,'77子nanako旅遊','https://www.youtube.com/channel/UCCs97dsjgmN0XZpdYeAqwAg/videos','UCCs97dsjgmN0XZpdYeAqwAg',NULL,'2025-06-22 00:48:01','2025-06-22 08:48:01','不定時掉落影片♪\n\n｜聯絡我 contact me｜\n      Email: nanakoy1209@gmail.com\n      Instagram:https://instagram.com/77nanako_\n      Facebook:https://fb.me/77nanakolife\n      個人檔案:https://lit.link/77nanako\n\nIG:77nanako_ \nFB:77子nanako life\nYT:77子nanako旅遊、77子nanako生活\n',61600,83,0,'https://yt3.ggpht.com/ytc/AIdro_mQZ6VG_6VvHyG_yeVkeo1ZKfC1zH7_SrA5YV-f8f1TeQ=s88-c-k-c0x00ffffff-no-rj','2021-04-19 17:04:34',21),(30,1,'90後創業家掃地僧','https://www.youtube.com/channel/UCWMxmoBhchU3swFAciqagnw/videos','UCWMxmoBhchU3swFAciqagnw',NULL,'2025-06-22 01:37:26','2025-06-22 09:37:26','創業 賺錢 投資 理財 被動收入\n股票 期權 房地產 零成本致富\n\n我的頻道會分享以上內容的心法與實際技巧，希望幫助有緣的朋友達到財富自由。\n如果你對以上的內容感興趣，我的頻道將會是你不可錯過的選擇。\n\n創業之前，必須記著：\n我們這種人是孤獨的\n因為選擇創業的時候，就已經決定走上一條與眾不同的路\n\n道與術的配合，是我達致財富自由的關鍵\n多次失敗的經驗才換來無價的領悟。\n我很早就開始創業了，我知道如果想向上流動，只有創業這條路選擇\n窮人的選擇其實沒有太多，我不是出身在富裕的家庭，只能白手起家\n我從來沒問過家裡拿過一分錢，父母也沒有給我提供過什麼人脈\n在資源有限的情況下\n我只能摸著石頭，一步一腳印的走。\n\n在我20歲的時候，我開始創業，那時我還在讀大學\n就這樣，由普通的創業家，向著企業家的方向出發\n22歲大學畢業那年，公司已經自動化經營\n我有時間開始接觸股票投資，我花費大量的金錢去向那些專業的投資人請教\n我認為股票投資是一生的事情，金錢只是一種工具\n所以我對花這些錢沒有任何感覺\n每當我學一樣新的技能，我都會請市面上最的專業的人去指導\n而事實上，股票市場的確讓我穩定地獲得豐厚的回報\n\n我開始慢慢地對這個世界有了很深的領悟\n大道至簡，於是我把一切化繁為簡\n總結了富人該有的心法和技巧\n系統地每天堅持自己，反省自己\n\n在這裡，我希望把這一切分享給每位路過的有緣人\n我相信能夠讓我們相遇，定必是我們修來的緣分\n\n免費投資教學：https://sdsytschool.com/landing1699844398169\n\n本頻道內所有影片與文字內容嚴禁搬運至任何影音平台或網站\n如有發現將直接採取法律行動\n\n',1020000,472,0,'https://yt3.ggpht.com/ytc/AIdro_nhwOS5QsMYNSx0dQ5WI1i42RBioy1unBrOe6-0MgaDjBg=s88-c-k-c0x00ffffff-no-rj','2020-04-13 10:14:22',15),(31,1,'996創業家造雨俠','https://www.youtube.com/channel/UCq2ucV2Lo48AbJH_7tXVfCA/videos','UCq2ucV2Lo48AbJH_7tXVfCA',NULL,'2025-06-22 01:37:52','2025-06-22 09:37:52','大家好 我是造雨俠👋\n\n🐣因為我的家庭背景，在我大學時期就半工讀幫補家裡。從中我了解打工很難賺大錢，幫助我家庭脫貧，所以畢業後，我就一股衝勁，立馬創業。但因為缺乏市場經驗，沒有財商思維，沒有團隊，所以經營2年後失敗收場。\n\n😤但我痛思過去，積極學習，尋找方法，所以很有幸讓我找到的我生命中的貴人，我的企業導師。透過不斷學習與實戰，終於我成功華麗轉身，目前是三家企業董事長，及投資兩家民營企業。\n\n🥰 因為我遇見我的貴人，我成功翻身。所以我決定也要做別人的貴人，解救和我遇到一樣經歷的年輕創業家。我將會分享實戰的創業經歷，財商思維知識，以及更多成功企業家的故事。我希望現在的年輕人可以少走至少5年的冤枉路，盡早踏上成功的道路。\n\n若喜歡我，想和我一起學習，請訂閱我\n【996創業家造雨俠】 - https://www.youtube.com/channel/UCq2ucV2Lo48AbJH_7tXVfCA?sub_confirmation=1\n\n🔥頻道宗旨：傳授創業投資經驗 培養更多企業家和有錢人\n\n✅頻道更新：每周五晚上7pm，記得關注我們的頻道！\n\n❤️ 想要與世界各地的優秀青年一起學習進步嗎？\n⏬ 加入我們的【黃金人脈圈】頻道會員 ⏬⏬⏬:\n✅ https://www.youtube.com/channel/UCq2ucV2Lo48AbJH_7tXVfCA/join\n\n💖💖  打賞一杯咖啡，能讓我們團隊繼續為您製作更多優質內容 ☕☕\npaypal.me/996zaoyuxia\n',559000,369,0,'https://yt3.ggpht.com/_J896_JZ6EiTunbn_Cdjy7Xc8Y-cl3qdAovnuF8y7DX7lZVRNyJ5hmw4ITObSY7GL6VD8MES-wg=s88-c-k-c0x00ffffff-no-rj','2021-07-05 15:12:48',15),(33,1,'A-YEON','https://www.youtube.com/channel/UCdld7SHk9IyYSkNrHA9B6Dw/videos','UCdld7SHk9IyYSkNrHA9B6Dw',NULL,'2025-06-22 01:38:58','2025-06-22 09:38:58','아연\n\n비즈니스 문의     ayeon.official.com@gmail.com ❤\n\n',2360000,86,0,'https://yt3.ggpht.com/ytc/AIdro_lC_6meecKZKz_oNwoPbomoL_NhSk28dnWe_m0OUJjpkFk=s88-c-k-c0x00ffffff-no-rj','2015-10-30 07:16:56',9),(34,1,'胖貓堂主','https://www.youtube.com/channel/UCHrgWMrjOVCo5VSYcVV8eMg','UCHrgWMrjOVCo5VSYcVV8eMg',NULL,'2025-06-22 10:00:22','2025-06-22 18:00:22','「胖貓堂主」是一檔以商業人物與品牌故事為主的YouTube頻道。\n我將用”江湖講史”的方式，將企業興衰、品牌崛起，為您娓娓道來。\n把財富，人性，時代，市場編織成一部部傳奇。\n\n如果您對商業歷史和創業感興趣\n或者想瞭解那些改變世界的企業家們是如何實現他們的夢想的\n我的頻道將成為您不可或缺的資源\n訂閱我的頻道，與我一起踏上這段令人興奮的商業之旅！\n\n請記得點贊、留言和分享我的視頻。\n謝謝您的支持，期待與您一起探索商業世界的奇跡！\n',108000,95,0,'https://yt3.ggpht.com/T48wOvMxy_M0_v-sfwRSWvA2aUQ-x4JgkjB2siPDwaG9rhs3rDFitGAM1b8TZ39prd380uBo=s88-c-k-c0x00ffffff-no-rj','2023-04-04 02:34:23',23),(35,1,'AddMaker 加點製造','https://www.youtube.com/channel/UChX7XsPV8s_k0hFnIM9V3bw/videos','UChX7XsPV8s_k0hFnIM9V3bw',NULL,'2025-06-23 07:14:45','2025-06-23 15:14:45','我們關注設計、工業領域，用影片讓產業知識更有趣！\n合作請來信：info@addmaker.tw\n\n我們的設計線上課：\nhttps://events.addmaker.tw/\n\nAddMaker 設計製造交流平台：\nhttps://addmaker.tw/topics\n\n深入產業的影像設計團隊：製造本事\nhttps://makereal.tw\n',92800,97,0,'https://yt3.ggpht.com/GiVp066CpoDGjzCDZBQkfOCv-1ohphUbCge59uscM9uIe-2dzQZogOk1YAIXkouX4plE-fy__qs=s88-c-k-c0x00ffffff-no-rj','2018-03-15 05:36:13',24),(36,1,'Aden Films','https://www.youtube.com/channel/UCu9g5OmzcCpcJnmSYyHnIVw/videos','UCu9g5OmzcCpcJnmSYyHnIVw',NULL,'2025-06-23 07:16:58','2025-06-23 15:16:58','Thanks for stopping by at Aden. This channel is all about Gourmet Food, Street Food and a bit of Dance and Music.\n\nNot interested in partnerships, sponsorships, merch sales, promotions, video licensing, networks, etc. \n\nFilming locations in 2026: Greater China, Italy and France only\nThe one and only email address of Aden Films: ronamull@gmail.com\n- Emails sent from any other email address claiming acting in behalf of Aden Films are scam art\n\nComments: Thanks for your comments below the videos. Disrespectful or inappropriate comments towards cooks or towards people in the video will be kindly deleted. Rude commenters (spammers, haters) will be kindly banned. Cooks can have the comment section below their video closed or their faces blurred if they dislike the comments.',2490000,906,0,'https://yt3.ggpht.com/ytc/AIdro_mW7XptZkENb0ioh_oSF60CTX1y_Ftk9ZD-vY4I2LbJ-kE=s88-c-k-c0x00ffffff-no-rj','2012-08-08 12:42:04',25),(39,1,'白呀白Talk','https://www.youtube.com/channel/UCjEqklvNFQYeqUPEmLY30jg','UCjEqklvNFQYeqUPEmLY30jg',NULL,'2025-06-26 05:11:36','2025-06-26 13:11:36','我是老白，一名在深圳搬砖的80后BSP工程师。这是我的个人频道，聊一些我感兴趣的话题，专注分享有价值的科技内容。\n同时，我还会不定期的直播；每周写一篇技术博客。让我们一起学习，一同进步吧~！\n\nHi, I\'m W., an embedded BSP engineer, P.E. working in Shenzhen, China.\nI make videos about technology, science and some quick thoughts.\nI also write a weekly blog that contains some tech infos and links to interesting things.\nLet\'s try to make it easy and learn together~!\n\n\n',122000,267,0,'https://yt3.ggpht.com/ytc/AIdro_miHTRSXQfpnhgPbQwEnRRPBBRbarKFZM62Dn6sdjQSnvI=s88-c-k-c0x00ffffff-no-rj','2010-04-21 22:17:45',1),(41,1,'隨意畫','https://www.youtube.com/channel/UC7Lk1qy5OExqg_7OnkHwXrg','UC7Lk1qy5OExqg_7OnkHwXrg',NULL,'2025-06-26 05:12:52','2025-06-26 13:12:52','大家可以叫我隨意哥\n是一名喜歡畫畫的3D藝術家\n希望能透過影片，分享不同的故事\n',71900,85,0,'https://yt3.ggpht.com/OZZGkqWOrBlIg5l1OWgdzPa2ZXrOd54tmHs1VrfUDvEHEFGaoyhhI1r8SjHlIvFM8OOR7aUbgA=s88-c-k-c0x00ffffff-no-rj','2012-08-15 02:55:00',26),(43,1,'agalily','https://www.youtube.com/channel/UCyj5XdXObYEj4PUFU-iyqJA','UCyj5XdXObYEj4PUFU-iyqJA',NULL,'2025-06-26 05:14:59','2025-06-26 13:14:59',':)',10900,14,0,'https://yt3.ggpht.com/EIlmepVchsM3n7WcbmXUBHV1nzViizZ0C1oT8f3Hk6Z28zmoPC-YR5TYMDldk0OpyxMzyABVSg=s88-c-k-c0x00ffffff-no-rj','2020-05-25 07:45:56',18),(44,1,'阿杜游中国','https://www.youtube.com/channel/UCO8VQ7fQd7JOGXpYpIAdmmQ/videos','UCO8VQ7fQd7JOGXpYpIAdmmQ',NULL,'2025-06-26 05:15:21','2025-06-26 13:15:21','大家好，这里是阿杜游中国的YouTube 官方频道\n自驾旅行，希望能通过这个平台\n把自己看到的奇观异景、传统风俗\n城市发展、人文风情、展示给大家\n喜欢的话就点击个订阅吧！\n\nHello, everyone. This is the official YouTube channel of Adu You in China.\nSelf-driving travel, I hope to go through this platform.\nTake the wonders and traditional customs you see.\nUrban development, cultural customs, show to everyone\nIf you like it, click to subscribe!\n\n本频道制作的所有影片都符合平台的使用政策，没有任何违规行为。\n',77600,468,0,'https://yt3.ggpht.com/NnCqDUgc6B25U8ziSTSY4dY14lP3LrgzfpHbnMkhqubqrh4141O9zrn7ctSa_WzggNd0Dy70Cw=s88-c-k-c0x00ffffff-no-rj','2021-01-07 06:43:32',18),(45,1,'AJ Lapray','https://www.youtube.com/channel/UChmoaIrhb1K0XU9Wpyv-z2Q/videos','UChmoaIrhb1K0XU9Wpyv-z2Q',NULL,'2025-06-26 05:15:55','2025-06-26 13:15:55','Welcome to my channel! \n\nI played Division 1 basketball at The University of Oregon, Pepperdine University, & Rice University\n\nMy videos consist of all the things I love!\n\n6\'5\" kid from Salem, OR\n\nStay up to date by following:\nTwitter: https://twitter.com/AJLapray\nInstagram: https://www.instagram.com/ajaylapray/\nSnapchat: AngeloJayLapray\nFacebook: https://www.facebook.com/ajlapray',732000,492,0,'https://yt3.ggpht.com/ytc/AIdro_miEA3MN44tc51XIg1AxVQAQsPNskMbhd-LnpzW7I0Bm4A=s88-c-k-c0x00ffffff-no-rj','2011-10-07 05:01:10',5),(46,1,'CD_katana','https://www.youtube.com/channel/UCMXTIWLHHH7tRV-N6xp0KcQ','UCMXTIWLHHH7tRV-N6xp0KcQ',NULL,'2025-06-27 07:15:56','2025-06-27 15:15:56','此号已停更，请朋友们关注我的油管新号“CD聊机车”，https://www.youtube.com/channel/UCa-61fiGEnpaexEmhI8HDfw\n',6390,31,0,'https://yt3.ggpht.com/N34fuPlsUats_G-kq_ymDwN7xi9xkBg0tx796CnxTOu8_66ojZcugJVtBZtw2QnE2qmf3W1Kew=s88-c-k-c0x00ffffff-no-rj','2021-08-23 07:22:17',11),(47,1,'小Lin说','https://www.youtube.com/channel/UCilwQlk62k1z7aUEZPOB6yw','UCilwQlk62k1z7aUEZPOB6yw',NULL,'2025-06-27 07:16:25','2025-06-27 15:16:25','Hi~ 我是Lindsay，欢迎来到我的频道！希望能跟大家一起乐乐呵呵涨点知识~~\n简单介绍一下我自己：北大本科 - 哥大研究生 - JP Morgan- 创业\nB站、抖音、视频号、知乎、小红书、头条同名“小Lin说”\n\n!!没有Facebook，没有Telegram，没有Whatsapp，没有粉丝群，这些平台所有账号都是骗子!!\n不会以任何方式主动要求私信，请大家谨防受骗!!\n\n商务合作: xiao_lin_shuo@163.com\n\n================加入我们================\n小Lin团队希望能找到喜爱我们频道的有识之士。如果对内容、视频制作、运营感兴趣的小伙伴欢迎把简历和自我介绍发送到：xiaolin_recruiting@163.com\n\n',2740000,151,0,'https://yt3.ggpht.com/dDOuCyzkVBwGapJot3mAGqq1_2_sng7pgnPtkGF1uSmcleO4p6O4Ox6flFzwF7vYDiuNv2I_mA=s88-c-k-c0x00ffffff-no-rj','2013-01-27 07:38:51',15),(48,1,'硅谷101','https://www.youtube.com/channel/UCKV2yWPB3wn0RTZh3cTD8YA','UCKV2yWPB3wn0RTZh3cTD8YA',NULL,'2025-06-29 12:00:15','2025-06-29 20:00:15','驶向未来。 \n一档深度科技与商业视频栏目，旗下有同名播客。通过对前沿科技及商业的一手视角和深度挖掘，我们希望带来深度有趣的前沿选题。Solid journalism still matters.\n联系我们：video@sv101.net \n',412000,192,0,'https://yt3.ggpht.com/Vqg_8nFFDNbk_IvXWE7ngTBTTx3h1StP7nPtRQv77UVvtXfHurANruNVH3MA-Ms-OC-6Ge0L=s88-c-k-c0x00ffffff-no-rj','2022-03-03 05:21:04',1),(49,1,'好奇羅盤','https://www.youtube.com/channel/UC1Vz1h2FNv7jrHS_Z9zu2jw','UC1Vz1h2FNv7jrHS_Z9zu2jw',NULL,'2025-06-29 12:01:24','2025-06-29 20:01:24','用最生動的動畫 還原最真實的事件\n解說不是胡說，每集結尾都有事件細節的來源\n歡迎投稿&共創\n',132000,41,0,'https://yt3.ggpht.com/A7jssA8GAJHRUsBNPR05c26aCmHUO6fxwgo3avhNrY3A2Lcu174uC8uZmanLsCx5bfwNHsS_Wg=s88-c-k-c0x00ffffff-no-rj','2023-07-01 10:59:02',3),(50,1,'AJ食旅 Recvideo','https://www.youtube.com/channel/UC6NBC3xO4OnPn7y_bM1h-TQ','UC6NBC3xO4OnPn7y_bM1h-TQ',NULL,'2025-06-29 12:02:49','2025-06-29 20:02:49','',44300,156,0,'https://yt3.ggpht.com/3hHrmom9ZgOKeG7iYV5P9l8k-x9MhnwpgJ3Xpis0GkSgwtQ7XiTyx4MWNS1wQqz-7bAJFlfyzA=s88-c-k-c0x00ffffff-no-rj','2012-03-21 08:25:18',25),(51,1,'Alexander Paiva','https://www.youtube.com/channel/UCpQdZfw7iktmK-DPZzaDzkA','UCpQdZfw7iktmK-DPZzaDzkA',NULL,'2025-06-29 12:04:09','2025-06-29 20:04:09','Hello everyone! My names is Alex! I love to play drums and play along to my favorite songs! I cover mostly Rock and Metal but I have an open mind to check out other types of music as well and cover what ever song I really like!  If you like my drum covers, why not give a like and subscribe for more videos in the future! Thanks for watching! ',156000,87,0,'https://yt3.ggpht.com/ytc/AIdro_m6gT04Wl6P7APmaGZ475IO-CcDSQDFHGFqfegKNj2EmbA=s88-c-k-c0x00ffffff-no-rj','2009-03-11 04:04:24',9),(52,1,'All process of world','https://www.youtube.com/channel/UCSNIT8Z40XgB4RKk9Vhf1eA','UCSNIT8Z40XgB4RKk9Vhf1eA',NULL,'2025-06-29 12:05:12','2025-06-29 20:05:12','\"Saw a Small Universe… Forged by Persistence.\"\n\n📧 Contact : allprocessofworld@gmail.com\n',3230000,798,0,'https://yt3.ggpht.com/zAnMxGcisnqRL5pybh3xNWtbd2c-k5bhD8TVzqMEFL01RQBQp6DbtRIT-VlPCUAzVO1Dd0kIS2I=s88-c-k-c0x00ffffff-no-rj','2020-03-20 13:49:36',24),(53,1,'电丸科技AK','https://www.youtube.com/channel/UCZVThl_MRppEdGUPGjXSSdg','UCZVThl_MRppEdGUPGjXSSdg',NULL,'2025-06-29 12:05:46','2025-06-29 20:05:46','聊聊泛科技的话题，包括不限于VR，通信，网络，游戏，摄影，计算机，芯片。几乎不开箱，不评测。\n',457000,461,0,'https://yt3.ggpht.com/jW7UHGWhP7Qs_OQ49KsgRDl33ZmO6twiLHgUfDoCu9b2rtk6jnMSh3vEPH08wmf3BJcDzysQ=s88-c-k-c0x00ffffff-no-rj','2006-10-24 04:21:11',10),(54,1,'Ben Eater','https://www.youtube.com/channel/UCS0N5baNlQWJCUrhCEo8WlA','UCS0N5baNlQWJCUrhCEo8WlA',NULL,'2025-06-29 12:20:21','2025-06-29 20:20:21','Subscribe to see tutorial-style videos about electronics, computer architecture, networking, and various other technical subjects. If you want to see more on a particular subject, leave a comment and I\'ll try my best to add more.\n\nIf you\'d like to support my work, please do!\nhttps://www.patreon.com/beneater\nhttps://paypal.me/beneater\nhttps://cash.me/$eater\nbitcoin:1EaterJkmmuJWfm8hvULrMJGm7R8JgXTL8\nbitcoincash:1JUjEErUjkgBVJP28GH6LKihvEUJ1RGZhx',1370000,130,0,'https://yt3.ggpht.com/ytc/AIdro_kzQ9Fabth3QHyk1YLRHA62goVPgxJdd68G0CPIs0tU3A=s88-c-k-c0x00ffffff-no-rj','2011-10-15 02:37:39',1),(55,1,'The Retro Future','https://www.youtube.com/channel/UCefAbzsWZE4uXU-mqQMrr4Q','UCefAbzsWZE4uXU-mqQMrr4Q',NULL,'2025-06-29 12:36:02','2025-06-29 20:36:02','Welcome to The Retro Future.\n\n\n',629000,620,0,'https://yt3.ggpht.com/ZlMO8TmNIu0FJW5G1oLAqBGXdNJu3rmEn7AtRLslwG0xr45OxBWXzVjahX68uAVunlyl9_vX=s88-c-k-c0x00ffffff-no-rj','2014-03-07 20:45:04',1),(56,1,'谈三圈','https://www.youtube.com/channel/UCOjm3MCxpq_YF4ywdnhZMkA','UCOjm3MCxpq_YF4ywdnhZMkA',NULL,'2025-06-30 06:09:46','2025-06-30 14:09:46','芯片大厂工程师｜ACE认证健身教练｜德国老司机｜ 萨克斯手\n全网同名—— 谈三圈\n',50000,46,0,'https://yt3.ggpht.com/FuHcYgCx7s_jY040d3ax4YbWKuwgya-IxMS3olbuQYzNm8q5cGT36w_neUGYV4TM3kzCEr-uaA=s88-c-k-c0x00ffffff-no-rj','2020-08-18 22:08:51',1),(57,1,'索菲亚一斤半Sophia1.5','https://www.youtube.com/channel/UCR2LHLiQmL_zEJnlCiyyxAA','UCR2LHLiQmL_zEJnlCiyyxAA',NULL,'2025-07-02 02:13:37','2025-07-02 10:13:37','\"The problem with the world is that everyone is a few drinks behind\" - Humphrey Bogart\n----------------------------------------------\nB站 & 微博：索菲亚一斤半\ninstagram: Sophia1.5\n微信公众号：Sophia一斤半',142000,227,0,'https://yt3.ggpht.com/ytc/AIdro_maqiFn23M4H_sxsga9qwSx50iyikVmxkGLTGpE6k7SJA=s88-c-k-c0x00ffffff-no-rj','2016-02-19 16:08:45',6),(58,1,'金魚腦Goldfish Brain','https://www.youtube.com/channel/UCTT5gtQU5rX8sUQnZaBqiVw','UCTT5gtQU5rX8sUQnZaBqiVw',NULL,'2025-07-02 02:13:57','2025-07-02 10:13:57','我是愛拍片、愛畫畫，還喜歡唱歌的金魚腦！\n在這裡你可以看到我想跟你們分享的人事物！\n金魚腦的Instagram：https://www.instagram.com/goldfishbrain17/\n金魚腦的Facebook：https://www.facebook.com/GoldFishbrain17/\n金魚腦的YouTube：http://www.youtube.com/c/金魚腦',900000,279,0,'https://yt3.ggpht.com/ytc/AIdro_k2iR4DLNctH_EORDKgRjdayUK_8if9yBm4mqNdA4TRoVk=s88-c-k-c0x00ffffff-no-rj','2016-02-12 17:21:19',4),(60,1,'黄杨ME','https://www.youtube.com/@huangyang','UCYnyI0YuiJRFg2CoBOCGEaA',NULL,'2025-07-03 03:11:08','2025-07-03 11:11:08','全家桶用户｜墨水屏阅读器爱好者｜奶爸\n\n流媒体/chatGPT/Infuse合租（输入优惠码 huang 享85折）👇\nhttps://m.lailaieshop.com/home?sid=1018\n',30700,143,0,'https://yt3.ggpht.com/vnpR2VpvfFFkftJI5zk2Zfwjx_sHKje3DsbgeQcC-nnZLnv_VIaiDn2G7-Sk81HRFTtzZWkY6Cc=s88-c-k-c0x00ffffff-no-rj','2013-07-15 13:14:45',10),(61,1,'Amber.L','https://www.youtube.com/channel/UChoW8T205pVdvex0e5wHi2Q/videos','UChoW8T205pVdvex0e5wHi2Q',NULL,'2025-07-03 03:13:02','2025-07-03 11:13:02','以「語言學」的角度教你如何學習自然的日語，相信「學好一門語言能夠豐富人生」。\n現居日本的Amber畢業於日本關西三大名校之一的神戶大學日本國語學研究碩士，在這個頻道裡，Amber會應用她在日本的研究所所學的日文知識，以語言學的角度來教你學習自然的日語，看這個頻道的你會學到：\n\n1.如何以日本人學習母語的方式學習日語\n2.如何分辨日語文法裡面些微的語感差異\n\n當然，現居日本的Amber也會分享在日本的生活日常，讓你更了解在日本的生活跟你想像的有什麼不一樣: )\n\n[關於Amber]\n■神戶大學研究所日本語教育文法碩士學位（神戸大学国語学文化構造専攻卒）\n■師從《大家的日本語》的編輯教授\n■專門為想要認真學習日語的人開設的線上日語學院「日語舟」的創辦人\n■幫助過+17,000位學生學習日語\n',225000,147,0,'https://yt3.ggpht.com/-7Q6edDaVHdPV623il5o1JpBNUPurxif0lAXom2mtD8XAfDDV-AYyB7tklTB8_hykXgiezxS-Q=s88-c-k-c0x00ffffff-no-rj','2012-01-04 05:14:11',27),(62,1,'ami.moment','https://www.youtube.com/@ami.moment','UCGs_cktFPCgN8ggJJVon84g',NULL,'2025-07-03 03:15:50','2025-07-03 11:15:50','Hi, it\'s ami here:)\n-\n一個從投行PR辭職\n目前正在做影片創作 / 個人品牌 / AI社群的女生\n\n在這個頻道里，你會看到我分享關於：\n• 攝影&影像創作 📷\n• 有趣的AI/科技工具 📱\n• 探索世界的旅行vlog ✈️\n• 自由職業賺錢的故事 💰\n\n想記錄我正在學習的事，也分享一路上的思考與嘗試^^\n\n',75000,77,0,'https://yt3.ggpht.com/2Yyi9NoSzCiWb6U-nHa9LGIqM2-dnBxbJv5tMxHLvyAOu93IH9rDG_CtpLXO2a8vGDe3jAUs=s88-c-k-c0x00ffffff-no-rj','2016-04-03 02:02:14',21),(63,1,'Anjoe Koh','https://www.youtube.com/@anjoekoh','UCb3l8y69909xVzYaAeBWz9w',NULL,'2025-07-03 03:16:49','2025-07-03 11:16:49','《学点东西》',110000,108,0,'https://yt3.ggpht.com/ytc/AIdro_n549-z4bHhbuzIMmLIP-iLoebv5MDNJ0jA_THpyVgiw1s=s88-c-k-c0x00ffffff-no-rj','2011-02-11 16:11:28',18),(64,1,'Ann Chiu安秋','https://www.youtube.com/@AnnChiu0201','UCMMcqWeGrT8Ot4CC1WDTQLg',NULL,'2025-07-04 07:37:48','2025-07-04 15:37:48','嗨！我是Ann\n在這個頻道會和大家分享我愛的美食、旅遊、健身生活和減脂飲食\n希望可以透過分享和你們一起成長，每天都更接近自己喜歡的樣子！\n\n►Business contact\n工作洽詢請寄信箱\nannchou000062@gmail.com\n',91300,155,0,'https://yt3.ggpht.com/tHYiEVq3lZ86nfnnul2x4cnZsTrYmCTtoa94pTAb5ZM4hi7qpDTS6nKk10jX0zrS9xEVcZ1IZQ=s88-c-k-c0x00ffffff-no-rj','2011-11-15 13:07:14',28),(65,1,'annbition','https://www.youtube.com/@annbition7558','UC_wOeIeZyx1O1gzEXhvevhQ',NULL,'2025-07-04 07:38:36','2025-07-04 15:38:36','\n',121000,220,0,'https://yt3.ggpht.com/ytc/AIdro_lNe5wOj8F0hn5oFs2Zz1LCUW5c5z_vwZrDhFxrl-nTPvc=s88-c-k-c0x00ffffff-no-rj','2014-02-25 20:47:05',28),(66,1,'Anny Shi','https://www.youtube.com/@AnnyShi','UCpptqZnFCm1MtjA4nNxFRPg',NULL,'2025-07-04 07:39:21','2025-07-04 15:39:21','Instagram: annysstrauss \n🎵🎙️\n网易云/QQ音乐: 施安妮AnnyShi\n商务合作：annyshi97@gmail.com',67200,341,0,'https://yt3.ggpht.com/WubLWyOE46W7Y5-6N6R4nfxVuyhONMAm62WbGmlNc8WarNVfZ0mXfQseJuSlRX2LHea7rgSr=s88-c-k-c0x00ffffff-no-rj','2018-09-03 18:04:03',28),(67,1,'ANN妍安','https://www.youtube.com/@anntw0219','UCDh8x7YfuwvPhaxTDtjoWKQ',NULL,'2025-07-04 07:40:12','2025-07-04 15:40:12','我是ＡＮＮ妍安❤️\n謝謝你們的支持與鼓勵\n也請不吝嗇的給我按讚留言追蹤唷🤗\n\nIG https://instagram.com/anntw0219?igshid=MWI4MTIyMDE=\n\nTikTok www.tiktok.com/@anntw0219\n\n\n',43000,73,0,'https://yt3.ggpht.com/ytc/AIdro_kDeJG6Hj-Jy7NiHgAkldMbAyQvqcqoue-24wDs5pioWUA=s88-c-k-c0x00ffffff-no-rj','2016-12-03 06:06:21',28),(68,1,'Aries艾瑞絲','https://www.youtube.com/@aries8248','UC3rrCl8CcCFDCI9Ti2rHsnw',NULL,'2025-07-04 07:48:09','2025-07-04 15:48:09','演藝工作請洽工作信箱ariesjobs408@gmail.com',496000,572,0,'https://yt3.ggpht.com/s3hhCu-AhvTLu42fYtBnLI9LTNRpnikjYCtFZtleaqPGCehWCG1TNb2RNjOEgo9qb18ZH_d3zwY=s88-c-k-c0x00ffffff-no-rj','2013-09-01 10:26:59',28),(69,1,'Art Deco','https://www.youtube.com/@Art_Deco','UCHH2vhhi45Ar3fOl7SmUvnA',NULL,'2025-07-04 08:19:40','2025-07-04 16:19:40','Welcome to Art Deco where classic art comes to life. Dive into the weird and wonderful world of art history. Discover the stories, secrets, and brilliance behind the world\'s most iconic paintings.\n',508000,62,0,'https://yt3.ggpht.com/nej6fbpHa0ZEjm912uJHQFM_uTG9nWyqEfqR4gp5ADIU-yzIgc_zsfBgfr9JD0VTK0MhZkLACw=s88-c-k-c0x00ffffff-no-rj','2020-01-12 04:00:13',29),(71,1,'Asianometry','https://www.youtube.com/@Asianometry','UC1LpsuAUaKoMzzJSEt5WImw',NULL,'2025-07-08 10:33:15','2025-07-08 18:33:15','Video essays on business, economics, and history. Sometimes about Asia, but not always. \n\nFor general mail: hello@asianometry.com\nFor business inquiries: business@asianometry.com\n\nI don\'t have an Asianometry Telegram. Don\'t fall for comment scams on YouTube, please. \n',924000,683,0,'https://yt3.ggpht.com/t_WHWwjVFb-837gRQ-ExcsjK1q5Z4dZ-mb4I6ItI4aBo3woGH7MkO7RAKf5kiAZUa3148lgNWw=s88-c-k-c0x00ffffff-no-rj','2017-05-06 03:34:33',3),(72,1,'SatisFactory Process','https://www.youtube.com/@satisfactoryprocess','UChsi2AQGsYevEsAjHsmVsMQ',NULL,'2025-07-14 06:45:07','2025-07-14 14:45:07','Exploring diverse factories to satisfy your curiosity about the manufacturing processes in China. \n商务合作请联系邮箱。\n\n📧 Contact: satisfactoryprocess@gmail.com\n\n🎥Copyright(C) 2025. SatisFactory Process. All rights reserved.\n\n',343000,107,0,'https://yt3.ggpht.com/z4Nd1NhTI24DhYvnJI2-1MQaXkeYdftcCa38xvNGrLC0qynQsW4C8LXwyqpajE-Cc51F3Fki=s88-c-k-c0x00ffffff-no-rj','2022-11-29 06:00:30',24),(73,1,'一口新飯','https://www.youtube.com/@MoneyXYZ','UCh4QrR5V6reIojGpRqkTbYw',NULL,'2025-07-14 06:48:16','2025-07-14 14:48:16','一口新飯(MoneyXYZ): 通往财务自由和个人成长的指南\n欢迎来到MoneyXYZ！这里是你的个人成长和财务自由指南。在这个频道，我不仅分享关于理财和投资的实用技巧，更为你揭示如何通过不断自我提升，真正实现财务自由。\n如何联系我--欢迎加入我的会员网站: https://onenewbite.com/\n下面的Email地址仅用作商务洽谈和创作合作\n**請注意，在本頻道的商業合作的最低廣告預算支出為*至少*$5000 USD/影片。\n如果您認可，請通過以下Email進行聯繫：\nmoneyxyzpodcast@gmail.com\n\n\n\n',466000,146,0,'https://yt3.ggpht.com/7L0gqxKbgkd5zmIcRZDXXRlX89UOpL2FGOQIW4bhdnhoJD2RntPu4TJLCNwaEEn5i247f7hx=s88-c-k-c0x00ffffff-no-rj','2020-07-02 17:20:48',15),(74,1,'一本正經的光頭張','https://www.youtube.com/@Be_zhang','UCtnSn1X1qnVsdUvVFrF7nIg',NULL,'2025-07-14 06:48:47','2025-07-14 14:48:47','',98800,292,0,'https://yt3.ggpht.com/i8HP7Be0r1rYcUaqyf1hIZm_Lw4HoFbVrOrWDZp5aes1ek_x1Bn5WumBanpnMlpC83wdGSbzsg=s88-c-k-c0x00ffffff-no-rj','2016-02-06 06:01:31',4),(75,1,'Anson安森森','https://www.youtube.com/@ansonansensen','UCyyjFGSaclJ8IGsq6GDyxpQ',NULL,'2025-07-16 08:00:44','2025-07-16 16:00:44','环球旅行创作者\n一个沪漂6年的香港籍广州仔\n想去100个地方，了解100个中国人生活方式\n⚠️Anson安森森 Youtube 唯一账号\n\n',29000,24,0,'https://yt3.ggpht.com/aKMLIQ4M8xyfUUQRLlHzOnhQVWbTuOQTRSBA-GNoZWlkxQAPeJTyicSa52IPJyh4Kptm6w5wRA=s88-c-k-c0x00ffffff-no-rj','2014-01-10 17:32:33',4),(76,1,'车韵之享','https://www.youtube.com/@carlife1983','UC6baQyPscXajXbApURD09Fw',NULL,'2025-07-16 08:01:06','2025-07-16 16:01:06','分享汽車的心得體會，品味汽車帶來的不同生活方式。\n',4540,245,0,'https://yt3.ggpht.com/Hq0v3D4GD93XBoYMVVQdI2t8lEz2qlHipD_I0hyHc0w1a4Uqr_JV_x6EEdu6jZs-UgLkhjA6=s88-c-k-c0x00ffffff-no-rj','2022-04-17 04:48:33',13),(77,1,'cheap','https://www.youtube.com/@cheapaoe','UCGGrblndNzi86WY5lJkQJiA',NULL,'2025-07-16 08:01:25','2025-07-16 16:01:25','ps：只有經營YT、FB、IG，中國B站、抖音全是仿冒的，幫檢舉\n\n一個好的歷史故事不外乎幾點，就是【有趣】和【真實】\n但這兩者往往背道而馳，而我的任務就是做出【有趣】又【真實】的歷史\n\nCheap專注於各種歷史，世界史、中國史與台灣史，我都不放過\n也喜歡講國際現勢與文化差異 \n\n任何疑問都可以在歷史中找到答案，你說對吧!\n',1620000,1669,0,'https://yt3.ggpht.com/n3_fHolvwjagC9m7-WTvLHdhYy0TxTp0eQfD5DuT3YcEtPWxYgyaIvp6iq-JXNzpLJSbF--UuOg=s88-c-k-c0x00ffffff-no-rj','2007-10-19 15:44:31',3),(78,1,'瘦高男女Talkative','https://www.youtube.com/@talkative3360','UCM-yVrkqQPJ4zhfwCwtmEYg',NULL,'2025-07-19 00:24:40','2025-07-19 08:24:40','我们是居住在堪培拉的台湾大陆情侣，不定期会跟大家分享悉尼，堪培拉，澳洲其他城市好玩有趣的地方，以及我们去不同地方旅游的影片。\n分享在澳洲【工地相关工作】【如何技术移民系列】【买房装修系列】\n也会分享我们对台湾大陆两地的文化见解。\n欢迎大家关注我们的频道！刚开始做YouTube频道希望大家多多支持哦~\n',12400,123,1,'https://yt3.ggpht.com/ytc/AIdro_lRcQ9fVC4uN-iDlGsLPmWZCjcM_IMh5JtzPQExdRAp1w=s88-c-k-c0x00ffffff-no-rj','2017-05-16 12:26:45',31),(79,1,'一朵老香菇','https://www.youtube.com/@YDLXG','UCTFoskvGhdYaXwRwAbXZ0cQ',NULL,'2025-07-19 00:25:50','2025-07-19 08:25:50','',204000,223,0,'https://yt3.ggpht.com/ytc/AIdro_kJ55i3lu6Kp9GzBZAsjD4eGVVj-9opgLBm1RCehdFTk58=s88-c-k-c0x00ffffff-no-rj','2018-04-10 11:27:26',26),(80,1,'一条Yit','https://www.youtube.com/@Yit','UCulFhrW_YCwkq_BP16C82mA',NULL,'2025-07-19 00:30:06','2025-07-19 08:30:06','中國最酷的優質生活視頻品牌。\nThe most popular life style video channel in China.\n\n每天一條原創短視頻，每天講述壹個動人的故事。\nDaily Original Short Videos\nThat Tell Touching Stories\n\n搜索微信公眾號“一条”，來和我一起過美好的生活。\n\n廣告合作：ad@yit.com',1240000,2880,0,'https://yt3.ggpht.com/ytc/AIdro_kKbncow9M9MlLyoA8zp_tK-ZEOXF9OEz2UpwiI51zAvSg=s88-c-k-c0x00ffffff-no-rj','2014-11-19 10:03:05',32),(81,1,'七年环球','https://www.youtube.com/@soloworldtravel','UCqG_8BbXsSFlpHa35nhrtxw',NULL,'2025-07-19 00:32:56','2025-07-19 08:32:56','更多视频请大家关注我们的主账号：七年环球 7 years travel \nWatch more videos， plz follow our main channel（七年环球 7 years travel) as following：\nhttps://www.youtube.com/@7yearstravel\n\n主账号内有我们最新东北之行的视频以及之前新疆之行的视频。\n',42500,72,0,'https://yt3.ggpht.com/uwLULQy_YZWGSEOsguYJk8sSVaFTuDTOTc4XmUIUjYsrXhf-Bhe_rGRzlmGirrGznfWiNQXmvw=s88-c-k-c0x00ffffff-no-rj','2022-01-05 18:09:23',18),(82,1,'七年环球 7 years travel','https://www.youtube.com/@7yearstravel','UCnP5Ty_aD7aVsZSRgnn1E7A',NULL,'2025-07-19 00:33:09','2025-07-19 08:33:09','大家好，这里是七年环球官方账号，我们是文涛和狒狒。\n\nhello, everyone!  Welcome to our channel, this is Alex and Mia. \n\n我们是一对热爱旅行的中国夫妻。我们计划环游全世界，目前我们在中国国内旅行，我们会带着大家了解中国各种风土人情和美丽景色，我们最喜欢的就是中国的西藏和新疆，如果喜欢我们的视频，请持续关注我们哦，我们会给大家呈现出最精彩的旅行记录。\n\nWe are a Chinese couple who love to travel. We plan to travel around the world. Currently, we are traveling in China. We will take you to understand the various customs and beautiful scenery in China. Our favorite is Tibet and Xinjiang in China. If you like our videos, please continue to follow us. Oh, and we\'ll be presenting you with the best travel records ever.\n',205000,239,0,'https://yt3.ggpht.com/NpOYhjzhfK64ShE1H9go2OUql32wfNIr_1C5dfDDCozAEX8KPVpJu89a_6aCq2nwdxVRWfulyQ=s88-c-k-c0x00ffffff-no-rj','2022-01-03 02:45:46',18),(83,1,'人生肥宅x尊','https://www.youtube.com/@loserzun','UC6VKHP606ee6ffKwKmBHSig',NULL,'2025-07-19 00:35:22','2025-07-19 08:35:22','居住在台灣的的宅宅少年\n因為興趣而開啟了拍影片的生活\n都市傳說,實驗,開箱\n偶爾會拍些生活的vlog\n想嘗試各式各樣的影片類型\n\n▶追蹤我的頻道：https://www.youtube.com/channel/UC6VKHP606ee6ffKwKmBHSig?sub_confirmation=1\n\n▶ 觀看更多內容：https://www.youtube.com/channel/UC6VKHP606ee6ffKwKmBHSig/videos\n\n▶ facebook專頁：https://www.facebook.com/loserZUN\n\n▶mail :  just8080666@gmail.com',1760000,259,0,'https://yt3.ggpht.com/ytc/AIdro_npmQCj4WbDHZBJn8APwAEfceKA2VS5a6r6OtAUDSBS_ys=s88-c-k-c0x00ffffff-no-rj','2015-07-12 12:43:28',28),(84,1,'十分鐘去旅行 Travel with me in 10 minutes','https://www.youtube.com/@Travelin10minutes','UCO7qobZFmm2cHuJ3L3pmEOw',NULL,'2025-07-19 00:37:15','2025-07-19 08:37:15','用輕快美麗的畫面帶你去旅行\n\n熱愛旅遊的八十後\n曾遊歷三十多個國家\n\n讓我們每次十分鐘\n一起看最美的風景\n\nA keen HK-traveler who is passionate about videography and sharing travel experience.\nWith our weekly released travel vlog, let\'s see some of the most beautiful and fantastic places !\n\nPlease follow my Ig: @travelin10minutes\n\nFacebook:@ Ten Minutes\n\nE-mail:@ tenminstravel@gmail.com',27800,139,0,'https://yt3.ggpht.com/ytc/AIdro_nnWVSR5EHrBKVMZUR2S3p4LWPl4qEvPJAcXOyDa2J4qN4=s88-c-k-c0x00ffffff-no-rj','2020-09-06 09:37:19',4),(85,1,'三坨土','https://www.youtube.com/@santuotu','UCykcNNIwJeJGGuLac6akyPw',NULL,'2025-07-19 00:38:12','2025-07-19 08:38:12','小号👉 @三坨宝（小红书/抖音同名）\n不对自己说谎，真实地活着，每天不忘记看看天上的月亮。',122000,169,0,'https://yt3.ggpht.com/ytc/AIdro_mR4-2svuQqgASIJn-QLOVikOiWOI5wNZit3NaEbxjKTKQ=s88-c-k-c0x00ffffff-no-rj','2011-08-17 18:10:36',28),(86,1,'十萬個品牌故事 100k Brand Stories','https://www.youtube.com/@100kBrandStories','UCXjk9RSGtUWbll5iN_Fgmqw',NULL,'2025-07-20 03:47:53','2025-07-20 11:47:53','Facebook：十万个品牌故事\nInstagram：swgppgs\n',177000,1465,0,'https://yt3.ggpht.com/ytc/AIdro_mkPnTVHyX2HHr39KMro2XMmf2ZoC_-Rm_Vv8DPrmOSCQ=s88-c-k-c0x00ffffff-no-rj','2018-09-08 14:31:18',3),(87,1,'三個字SunGuts','https://www.youtube.com/@sunguts','UCTPPmVw8pCUmw9tfY_MaKNg',NULL,'2025-07-20 03:48:28','2025-07-20 11:48:28','【三個字SunGuts】\n- 畢業於陽明大學物理治療學系\n- 在「三個字物理治療所」擔任院長職位\n- 出版書籍「你的姿勢很有事」\n- 台灣升降桌領導品牌 FUNTE 代言人\n\n有相關合作邀約請洽 hampton.lu0404@gmail.com 漢普頓',1040000,753,0,'https://yt3.ggpht.com/YEEsOaCX7iZmXT5WnaNcHNF0LElJfmRJs4f15Y8N5Wut3MIt8QPm45MMFgw-Vf8-54mUyyKyhg=s88-c-k-c0x00ffffff-no-rj','2010-12-25 12:50:05',22),(88,1,'大海旅人','https://www.youtube.com/@OceanManTW','UCpOZj41strX04hFOg-U5MLQ',NULL,'2025-07-20 03:52:26','2025-07-20 11:52:26','自由是我的生活態度，就像航向大海的旅人。\n\nInstagram : https://www.instagram.com/aikes_x/\nFacebook : 大海旅人 吳威毅\n也追蹤糖糖：https://www.instagram.com/katecandy0217/\n\n[工作聯繫]\n信箱：weiwu0404@gmail.com',171000,739,0,'https://yt3.ggpht.com/EdYDThqQXDgWBkQIGLxr0gYbQWuNDHvbpIgt3eCodgqHYya6XRpBpf9dCW1yhqx6bJY8hi1QQQ=s88-c-k-c0x00ffffff-no-rj','2006-09-14 13:02:11',36),(89,1,'大白小宇看世界','https://www.youtube.com/@BAIandYU','UCADmPjV5EZ2reHXdoVygy4A',NULL,'2025-07-20 03:54:05','2025-07-20 11:54:05','全世界的朋友们！很高兴遇见你们！我们是一对热爱旅行和摄影的中国情侣，我们想用影像的方式记录自己的旅程故事，并与全世界分享。希望我们能交上朋友！\n',197000,187,0,'https://yt3.ggpht.com/W77rgCe6Y4tD_pEIyBZzhHcfJSHFp2vIcLMCGRfWw7LEXStAL0cIeWoa9Aqcp8-WwogpLXuSVw=s88-c-k-c0x00ffffff-no-rj','2020-04-23 00:50:21',2),(90,1,'大狸子切切裡 Cherry OFFICIAL CHANNEL','https://www.youtube.com/@cherry_official','UCAcum7VtjCjEUpWyt6tms0Q',NULL,'2025-07-20 04:07:30','2025-07-20 12:07:30','這裡是切裡，歡迎訂閱我~ 在這裡你會看到很多有趣的數碼資訊喔！\n如果你喜歡我的視頻的話，記得點贊和評論呀(๑•ᴗ•๑)♡\n',313000,1150,0,'https://yt3.ggpht.com/NQgp8GmxL1XQS8DtfCSAw9Hb6MDAy_lFepehT3p4jNVcjVAzsOEuK555p0xgzj1xAicxeSjqpQ=s88-c-k-c0x00ffffff-no-rj','2020-04-28 09:23:28',10),(91,1,'大脑洞记事','https://www.youtube.com/@danaodong','UCrSRYVwxGr9KVY4egT7pzbw',NULL,'2025-07-20 04:07:50','2025-07-20 12:07:50','❤️感謝訂閱點亮小鈴鐺，持續分享萬物百科紀錄片\n🔍歡迎來到「大腦洞記事」頻道\n❤️恭候各位愛好者\n',199000,472,0,'https://yt3.ggpht.com/JHVpPbfdM2nTTr12_PPE-4_duVCAcCVFRommIp0lomDpzt-jwtWj3y4B0UCnVqH18ssuRQpUDQ=s88-c-k-c0x00ffffff-no-rj','2022-01-07 00:57:42',3),(92,1,'大祥哥來了','https://www.youtube.com/@DaXiangGe','UCbgfrw1RKntOlJQn94UkBeg',NULL,'2025-07-20 04:09:18','2025-07-20 12:09:18','大家好，大祥哥來了，這裡是大祥哥的唯一官方頻道。\n\n在這里和大家一起分享各種性價比高的好吃的。\n測評更多優質的食材，和大家不敢吃的奇奇怪怪味，有什麼推介可以給我留言。\n\n=================================\n\n大家的點贊和訂閱都是對我來說很寶貴的\n\n這是我的微博賬號：\n\n大祥哥來了：【https://weibo.com/u/5405152843?is_hot=1】\n\n歡迎關注~會po一些日常和貓片兒喲\n\n微博記錄生活比較多，大家有什麼要求，都可以通過微博留言和我互動。\n\"我们保证视频中没有任何形式的动物虐待，所有动物参与者都受到了充分的保护。\"\n',292000,381,0,'https://yt3.ggpht.com/ytc/AIdro_mtF7O3MKdW-4iYPYkkcSiFb_0XLF1-3LuwhjMfrxaKXw=s88-c-k-c0x00ffffff-no-rj','2019-03-26 05:47:27',25),(93,1,'大H','https://www.youtube.com/@hsin0126','UCZbUlBcZaLvllWj8MOv8JiQ',NULL,'2025-07-20 04:09:43','2025-07-20 12:09:43','大H，台灣第一位 IFBB PRO 健體職業選手\n100% Natural Athlete \nhttps://zh.wikipedia.org/zh-tw/%E9%99%B3%E5%BB%BA%E6%98%95\n\n參賽經歷：\n2016 - 2018 共9場業餘賽 \nIFBB PRO 職業賽事：\n2018 IFBB Shawn Rhoden Classic men’s physique PRO (Pilipinas)\n2018 IFBB ASIA PRO QUALIFIER Guest Posing (Taiwan) \n2019 IFBB Ben Weider Natural PRO 職業賽 / 第六名\n2019 IFBB Japan Pro Men’s physique PRO \n2022 IFBB Ben Weider Natural PRO 第二名\n2022 IFBB Japan PRO 第四名\n2022 IFBB Taiwan PRO 第三名\n2023 IFBB Ben Weider Natural PRO 第二名\n2023 IFBB Taiwan PRO \n2024 IFBB MonsterZym Natural PRO 第六名\n2024 IFBB MonsterZym Korea PRO 第十二名\n2024 IFBB Ben Weider Natural PRO 第二名\n2024 IFBB Taiwan PRO 第五名\n2025 IFBB France Tsunami nutrition Natural PRO第一名\n2025 IFBB Ben Weider Natural PRO 第二名\n2025 IFBB Taiwan PRO \n\n.\n.\n.\n相關證照：\nFISAF 國際體適能指導員教練 證照\nTRX-FTC 功能性訓練師 證照\nMCT 肌筋膜施壓技巧認證\nCTSSN 運動營養專業認證\n',273000,70,0,'https://yt3.ggpht.com/ytc/AIdro_l3fuiggLRcxF7EiiGh1ohcixJb6GhgG4leHGWS3q1IniU=s88-c-k-c0x00ffffff-no-rj','2019-01-24 15:48:15',7),(94,1,'小文哥吃吃吃','https://www.youtube.com/@XiaoWenGe','UCBsTeJ-_By1l8f7BKvvGgnQ',NULL,'2025-07-20 04:10:43','2025-07-20 12:10:43','🦞 小文哥吃吃吃 — 专治“海鲜没见过”症！\n大家好，我是小文哥，一个专吃稀奇水产的野生美食猎手。\n\n别人逛菜场，我逛码头。\n别人等上菜，我等潮水。\n在这儿，你能见到码头刚靠岸的“海货盲盒”，吃到隔壁大爷都喊不出名字的奇鲜怪味，看我用最土的法子，料理最野的滋味。\n\n👇 跟我解锁这些“鲜到皱眉”系列 👇\n🐚 奇形怪状贝壳类：会喷水的、带刺的、长得像外星生物的\n🦀 张牙舞爪蟹与虾：比手大的野生蟹，半夜海边现捞的跳跳虾\n🐟 深海谜之鱼类：长相潦草但肉质惊艳的冷门海鱼\n🔥 渔村古法料理：柴火蒸、海水煮、土灶焗——渔民怎么做，我就怎么学\n\n我不讲精致摆盘，只说真实口感；不开滤镜美颜，只看食材本色。翻车也好，惊艳也罢，吃的就是一个鲜活与意外。\n\n💬 你有什么想看我试吃的“冷门海鲜”？\n评论区告诉我——只要是水里游的、海里爬的、滩上蹲的，我都敢替你尝第一口。\n\n🌊 视频随潮汐更新，不定期但很野生。\n订阅我，带你见识海边人真正的“海鲜日常”。\n\n#小文哥吃吃吃 #海鲜猎奇 #渔村美食 #野生厨房 #赶海吃海 #硬核水产 #你没吃过的\n',309000,1774,0,'https://yt3.ggpht.com/ytc/AIdro_lmuDgUZn-LEuxcKG-VlhYDzKGDzSIzRHemXopKcS4v5A=s88-c-k-c0x00ffffff-no-rj','2019-12-24 10:29:11',25),(95,1,'小白的奇幻旅行','https://www.youtube.com/@jianxiaobai','UC-7jKPgRmLBiB1ltbABubNA',NULL,'2025-07-20 04:27:54','2025-07-20 12:27:54','风里雨里，我在村口等你\n我是蹇小白，带上金毛安妮，马犬波妞🐶🐶\n怀着一颗炽热的心，奔向远方的星辰与大海，美好的故事永远在下一片乡土里\n\n小白来YouTube啦，这是我的官方频道，从甘肃开始漫游整个中国，欢迎大家订阅收藏😉😉\nWith Annie the Golden Retriever and Boniu the Malinois by my side 🐶🐶\nCarrying a heart full of fire, I chase the stars and the sea afar, where the next piece of countryside always holds a beautiful story\nHello everyone，There is [Bai`s Fantasy Travel],my channel will show the scenery of China,thanks for your subscribe\n\n欢迎订阅我的频道：https://bit.ly/xiaobaiqihuanlvxing\nWelcome to subscribe to my channel: https://bit.ly/xiaobaiqihuanlvxing',276000,772,0,'https://yt3.ggpht.com/ytc/AIdro_nCEuS8sKEojCQS_ZFi6PruwtbMD702Fl-rl___eeQFww=s88-c-k-c0x00ffffff-no-rj','2020-04-16 03:53:38',18),(96,1,'小艾大叔Albert','https://www.youtube.com/@iunclealbert','UC6pd9TRINPm2wXPv4daJPfA',NULL,'2025-07-20 04:28:26','2025-07-20 12:28:26','大家好，我是艾叔，感謝大家訂閱我的YouTube官方頻道 \n▶▶▶小艾大叔▶▶▶https://www.youtube.com/channel/UC6pd9TRINPm2wXPv4daJPfA\n我的日常vlog和豪宅拍攝幕後都在👇🏻\n▶▶▶艾叔Albert▶▶▶https://www.youtube.com/channel/UCrCgZHRFYkeocAbSJb6aX8A\n點亮小鈴鐺，第一时间，跟我一起看豪宅，豪宅就這麽回事兒！\n\n更多精彩等你來解鎖！\n▶ Facebook：https://reurl.cc/4Q48AL\n▶ Instagram：iunclealbert \n▶ 微博：小艾大叔\n▶ 公眾號：小艾大叔\n\nHello everyone, this is Uncle Albert. Thank you for subscribing to my official YouTube channel.\n▶▶▶ Uncle  Albert▶▶▶ https://www.youtube.com/@iUncleAlbert\nYou can find my daily vlogs and behind-the-scenes of the mansion shoots here👇🏻  \n▶▶▶ Uncle Albert ▶▶▶ https://www.youtube.com/channel/UCrCgZHRFYkeocAbSJb6aX8A\nLight up the little bell, and watch the mega-mansions with me. The mega mansion is just like that!\n\nMore to explore！\n▶ Facebook：https://www.facebook.com/iunclealbert\n▶ Instagram：iunclealbert\n▶ Weibo：小艾大叔\n▶ WeChat Official：小艾大叔\n',247000,329,0,'https://yt3.ggpht.com/fzSmyVXbpN9LXF1fNnmXO2ARBCk_KUHUIk1204M_hi9zmfEGbkILi-xcWVgcVZjaq-J5kKje=s88-c-k-c0x00ffffff-no-rj','2019-12-30 08:34:01',32),(97,1,'小西蒙在意大利','https://www.youtube.com/@SimonDing','UCisni19FjShzFkL_ZRj1FdQ',NULL,'2025-07-27 01:21:59','2025-07-27 09:21:59','此频道为本人在YOUTUBE唯一频道😃\n\n与我建联：simon2021.italy@gmail.com\n\n☝️邮件我会及时查看👆',64600,325,0,'https://yt3.ggpht.com/bWXl7r2THLxpMQBxVj7o_wAhSPIqqb89GpeWXynwxnaaTUkbGLjxOxdFvBB7fzGZSjrRvNoCzQ=s88-c-k-c0x00ffffff-no-rj','2021-05-20 15:34:13',28),(98,1,'小杜的生活日記 Du\'s Diary','https://www.youtube.com/@dh_rebecca','UCr0deIusKuMOsUobj89aPZA',NULL,'2025-07-27 01:22:29','2025-07-27 09:22:29','你好呀，很高興遇到你🌻\n這裡記錄的都是我在台灣、中國大陸生活的美好回憶，謝謝你的見證💐\n聯繫我：rebecca.duuuu@gmail.com\n',110000,133,0,'https://yt3.ggpht.com/PuvVp7KjodOvUrHOTezfpdFyCa9OZrG0cbypziSTPvGklKLnwZ_s2tWZQL66nb9OMV2M66eseA=s88-c-k-c0x00ffffff-no-rj','2021-01-07 02:58:26',28),(99,1,'小叔TV','https://www.youtube.com/@xiaoshu','UCPNfoYdMopKZKlaTB92g-QQ',NULL,'2025-07-27 01:23:07','2025-07-27 09:23:07','小叔TV，这是北京小叔的另外一个频道，\"北同\"的一个子品牌和兄弟频道，这里没有LGBT内容，我的目标是寻找适合自己的养老城市，我计划走遍中国的大小城市，记录当地风土人情和国家变迁，见证这个大时代的发展，同时也去看看各个地方的房地产，合适时机我会买一套属于自己的房定居下来。油管是小叔TV的首发平台。',297000,488,0,'https://yt3.ggpht.com/ytc/AIdro_mAe9ImMrr1p85MovVEBlOp9BcIHUgTaitt-1mFL0DsWg=s88-c-k-c0x00ffffff-no-rj','2019-04-16 04:32:56',4),(100,1,'小岳来了24','https://www.youtube.com/@xiaoyue24','UCe-B8JR0cdHFQiKfG60JtQQ',NULL,'2025-07-27 01:23:46','2025-07-27 09:23:46','在上海出租屋，带你感受最底层打工人朴实的快乐 \n喜欢请多多支持我，感谢大家！\nhttps://www.youtube.com/channel/UCe-B8JR0cdHFQiKfG60JtQQ?sub_confirmation=1\n\n',35300,163,0,'https://yt3.ggpht.com/dxx5-SGdM1Zf7M2ufiKx7ECwiVbeWNwrqQxmVKNU5_YfNp3X9tGjuCMs9ZXquvXnH4czU7Dxew=s88-c-k-c0x00ffffff-no-rj','2024-10-29 07:59:40',25),(101,1,'小旺士多 siuwong','https://www.youtube.com/@hksiuwong','UCFXWZX6JgH2unZBmgv5ydzQ',NULL,'2025-07-27 01:24:12','2025-07-27 09:24:12','',94400,341,0,'https://yt3.ggpht.com/BD03G-vZ41SWEEdwQJ3gl9OWZOJZTDGqg8C0jDaxJUkMEi9mP7O6Y7O0Gp8dn-zQjmHIxp-y=s88-c-k-c0x00ffffff-no-rj','2018-03-26 06:26:52',25),(102,1,'小花蕾Meetfood','https://www.youtube.com/@meetfood_lei','UC4SkShyGxDGWUoBAGyfdOrQ',NULL,'2025-07-27 01:24:46','2025-07-27 09:24:46','一个不知名摄像师的小日常',16500,37,0,'https://yt3.ggpht.com/m5yoQ25hojIT1QHyzZ5jtSGdWXDh-Ak8B20KyKYkOc1c4-VDDOg6y35TiHwvpaKgBYmVpYjaHQ=s88-c-k-c0x00ffffff-no-rj','2020-03-28 08:51:25',25),(103,1,'小高姐的 Magic Ingredients','https://www.youtube.com/@MagicIngredients','UCCKlp1JI9Yg3-cUjKPdD3mw',NULL,'2025-07-27 01:55:13','2025-07-27 09:55:13','客居他乡的你，是否跟我一样怀念家乡的味道呢？\n凉皮，擀面皮，牛羊肉泡馍，油泼扯面，酸汤水饺，甑糕，秦镇米皮，油茶麻花，腊牛羊肉，等等。 我来自陕西西安，阔别家乡已经十几年了，家乡的美味难以忘怀。在父母的影响下，学会制作很多西安美食，拍成视频跟大家分享。所有视频都是我自己操作，自己拍摄，自己编辑，希望大家喜欢。',2680000,348,0,'https://yt3.ggpht.com/ytc/AIdro_ntv3-ovHxkQ5k3BhUDPcWNL2w6Exzif_X-NKISrRN1ug=s88-c-k-c0x00ffffff-no-rj','2016-11-11 00:01:44',25),(104,1,'小鹿Lawrence','https://www.youtube.com/@lawrence_raw','UCPsmetP1p137YfTBpvA7mng',NULL,'2025-07-27 01:56:03','2025-07-27 09:56:03','我一直在這裡等你\nIns: Lawrence_lue',73200,123,0,'https://yt3.ggpht.com/WsxZ-Igc7tOEbQqjOPL8jvf3_za6mIrPxJysThEO_2q95KqM_dWsTjxtD3-oRk2Lq_leNWMs=s88-c-k-c0x00ffffff-no-rj','2019-07-19 02:08:57',18),(105,1,'小象愛出門Elephant GoGo','https://www.youtube.com/@elephantgogo','UCa7c1phjUa5UMWS68Ybgrdg',NULL,'2025-07-27 01:56:33','2025-07-27 09:56:33','當過五年外語領隊 / PPL機師在開飛機✈️ / 出一本書『叛逆而後生』\n\n喜歡把旅行的過程記錄下來，旅行這條路給我很多考驗，但不解愛亂跑的心❤️\n\n堅持一路走來一定要分享世界。\n旅行，只要一出門！到處都可以玩！\n跟著小象出門玩！國內外玩遍遍\n\n＃旅行Follow \nIG：elephant_gogo\n\n#合作邀約 （影片、文章、旅遊、講座、行銷）\n聯絡信箱：elephantgogo3@gmail.com\n',583000,780,0,'https://yt3.ggpht.com/fB43LqN3yer3Eht7cF6ssN20pyB1VU7Tcf81EXnq5fDAX-DfC0BjQIObdd_2b0i3nSAJvIuu=s88-c-k-c0x00ffffff-no-rj','2012-09-15 14:53:30',28),(106,1,'小翠時政財經','https://www.youtube.com/@cui_news','UCOhck8oLoIwSJzmwYMXsSnQ',NULL,'2025-07-27 01:57:45','2025-07-27 09:57:45','油管說書人小翠向您問安！您的支持讓我們更有動力！\n加入會員鏈接   https://www.youtube.com/channel/UCOhck8oLoIwSJzmwYMXsSnQ/join\nPayPal支持通道  https://PayPal.Me/ricepotmedia\n商業合作  ricepotmediabiz@gmail.com  （非小翠本人管理，不定期回復）\nTelegram觀眾討論群：http://t.me/xiaocuiTracy\n這是一個財經向的時評政論頻道。有時事熱點，宏觀經濟，還有房地產金融的乾貨內容。\n小翠混跡墻國金融圈十餘年，所述觀點皆出自所見所聞，發自肺腑，為您還原一個真實的“趙家天下”！\n感謝您的關注！\n',339000,1104,0,'https://yt3.ggpht.com/TIvhad9F5mQPwUbnQAS5p5Lqn9ShXqyD5kdajJckQL6h380LLIrZPPsaeoGlX7v80_FziGtWjA=s88-c-k-c0x00ffffff-no-rj','2020-08-24 10:44:13',8),(107,1,'我們倆Ricky&Nina','https://www.youtube.com/@rickynina','UCA002J-XeR_6hJDN1dSpZjg',NULL,'2025-07-30 01:51:58','2025-07-30 09:51:58','大家好！歡迎來看我們倆！🙌\nNina是河北保定人，Ricky是高雄人\n我們倆分享生活中因文化差異而帶來的笑料\n希望把這種簡單日常生活相處的歡樂分享給大家！\n感謝大家的喜愛與支持！❤️\n\n歡迎追蹤🎉\nIG: nikichen926\nFB: nikichen926\nTiktok: nikichen926\n⚠️無B站、西瓜視頻等大陸任何平台⚠️\n🚫未經允許禁止轉載，侵權必究！🚫\n\n📩合作邀約 📩\nnikichen926@gmail.com\n\n\n\n\n',334000,445,0,'https://yt3.ggpht.com/DFnEkvlASEemTWzs0CZkoCJ9OiG872Vf40CiD-V6nSejtych6h6hsQoWADcynWAx7UJTzSr6Yw=s88-c-k-c0x00ffffff-no-rj','2021-06-09 07:58:06',2),(108,1,'无影解说','https://www.youtube.com/@无影解说-w1i','UClao10A5a6tmz0Vj17_UUww',NULL,'2025-07-30 01:53:18','2025-07-30 09:53:18','',46400,663,0,'https://yt3.ggpht.com/2VmKaKr0fg4YfMrr8l76mpDMPlZraXJrzySBCAFyuigBzGbewKjOas2GWoEhMsp0hCrRtsRK=s88-c-k-c0x00ffffff-no-rj','2022-03-11 05:33:27',33),(109,1,'山上的悟空 Kerry Me','https://www.youtube.com/@kerryme945','UCV2q3LdTok-5w23HCqoG81w',NULL,'2025-07-30 01:56:51','2025-07-30 09:56:51','大家好！我是悟空，名稱由來某一個網友取的，可能我很像猴子一樣喜歡到處跑吧～(笑)\n\n這裡比較像是老了之後想回來笑自己的地方XD \n\n如果說過去的我遺失了什麼，希望接下來的日子裡是滿滿的收穫。\n\n【 圓仔近況 】\n\n人生畫風一直在變，目前人在澳洲打工度假中 !\n\n因為在澳洲有三份工作，能剪片的時間減少很多，但是空閑時間一直有在記錄生活與剪片，還是會持續上片啦~\n\n請大家不要擔心，也希望能分享更多美❤️ \n\n平時會在IG分享生活點滴， 也可以關注這邊， 基本上會在週日出沒XDDD\n\n關於我  IG : https://www.instagram.com/kerrycrazyme/\n關於山與文字  IG : https://www.instagram.com/unexpected_her/\n小額贊助創作圓仔創作---請我喝珍奶 :  https://kerrycrazyme57004.bobaboba.me/\n',30400,229,0,'https://yt3.ggpht.com/6cmEKXQTj_h8UHOo3oKrMhp3m_d16PwzD3L3X9L524zDViHluWmCGut40QDhkShXOxF-LMfObQ=s88-c-k-c0x00ffffff-no-rj','2021-03-10 11:49:23',4),(110,1,' 工科男孙老师','https://www.youtube.com/@hellosunlaoshi','UCwDGMMTTZjuBrvGz6hUOGiA',NULL,'2025-07-30 01:57:54','2025-07-30 09:57:54','一个分享硬件知识的up主。\n全网同名：工科男孙老师\n商务合作邮箱：gknhub@qq.com\n',37100,66,0,'https://yt3.ggpht.com/sPtSWt4l67a63upZCce4oCJgPD21l_25fkaqs5g22JX_ae9ZzHwquNPW4uQy2autLIto6XIq=s88-c-k-c0x00ffffff-no-rj','2021-08-03 02:31:07',24),(111,1,'HydeMax','https://www.youtube.com/@HydeMaxxx','UCozIWv_lJ5XoIoNGgdq6OLg',NULL,'2025-07-31 07:55:12','2025-07-31 15:55:12','',66900,51,0,'https://yt3.ggpht.com/8xfGjJ0ignazzx-k7pN00OUir3c8ZDANbGWwXuIVdqehqPpjLDJiQEu2KJT70o1Cb65vc68X=s88-c-k-c0x00ffffff-no-rj','2020-10-18 10:44:35',21),(112,1,'Links TV','https://www.youtube.com/@linksphotograph','UCz0ONCn6eRcDJGsUzupc3TA',NULL,'2025-08-03 00:17:51','2025-08-03 08:17:51','Hi 我是links\n\nInstagram@ linksphotograph  🔗https://www.instagram.com/linksphotograph/\n\n我的第一本冰島畫冊出版了！謝謝大家一直以來的支持。\n  京東直郵海外https://item.jd.com/14670712.html\n【淘寶】 http://e.tb.cn/h.gJtL4M9ZWjgVu63?tk=mUGk3i1gJPV\n\n\n\n\n',793000,207,0,'https://yt3.ggpht.com/GlNKVp3Gz4s76MzE7zZk6V7jUbQKfTxl7k_14EY-j048xZPL3vu2OBtshCkUrFnOWiDh-ZHxBj0=s88-c-k-c0x00ffffff-no-rj','2015-10-05 15:02:40',4),(113,1,'丹牛食','https://www.youtube.com/@dsfoodtour','UCMkiBm7elx1lq4h1g6i7GWA',NULL,'2025-08-03 00:19:09','2025-08-03 08:19:09',' ',510000,291,0,'https://yt3.ggpht.com/XKAw4G-ITDizKXotQoLVEQrlWAhm0NSLB2XAx9SmBAmfm_wtU59TA_uwFTnJ0I2zQDdMzop6Ww=s88-c-k-c0x00ffffff-no-rj','2022-07-23 13:00:09',25),(114,1,'马可可markoko','https://www.youtube.com/@MKKmarkoko','UCxuZ3QG3y9WncF4KP9eolDQ',NULL,'2025-08-03 00:20:36','2025-08-03 08:20:36','欢迎来到我的频道，全网同名\n主业投资，副业写故事/做视频\n我会持续更新商业/科技/历史内容\n喜欢的话，请务必点赞关注，非常感谢',2440,18,0,'https://yt3.ggpht.com/vKMmCSe0Tsm4F9qb17F-ilMpGbhHt4zWLBjHHepk5E--3p5EylEX00RvK06o1fs5EdIv_eehR6w=s88-c-k-c0x00ffffff-no-rj','2020-02-14 15:28:56',10),(115,1,'工頭堅。旅行長','https://www.youtube.com/@ctoken','UCO6BMxjvslH_jSo7FZi6DcQ',NULL,'2025-08-03 00:21:47','2025-08-03 08:21:47','從旅人的視角出發，談旅行中可能有意義的各種知識。不完全是實用資訊，更多的是對世界的好奇與情懷。目前主要談大家喜愛的日本，有機會當然也會談自己曾去過的地方，以及我生長的島嶼——台灣。曾任影片導演，網路趨勢觀察者，國際領隊導遊，以及旅遊媒體暨旅行社負責人。\n\n歡迎各種商業合作、商品推薦，請洽 contact@pantravel.life\n',393000,494,0,'https://yt3.ggpht.com/NQvwNyqHNWUKZBtMqOvnuEzVRHxloOxyoMLS-HDHbdGAyiE5kHBx3FCC7PrYqMglVWzLeFyA5w=s88-c-k-c0x00ffffff-no-rj','2022-06-27 02:12:28',21),(116,1,'今周刊','https://www.youtube.com/@businesstodaytw','UCPBTziiHub0FbIuhVW808fA',NULL,'2025-08-04 08:05:21','2025-08-04 16:05:21','《今周刊》為台灣最具專業聲望的財經媒體，自1996年創刊以來，致力提供深度財經報導、總體經濟趨勢、投資策略與理財實務知識，協助讀者建立長期穩健的財富觀念。\n\n本頻道為《今周刊》數位影音平台，定期推出原創節目《富足今周起》，由資深財經主播王志郁主持，聚焦台股趨勢、ETF配置、保險規劃、房市脈動、勞保與退休準備、遺產稅與資產傳承等議題，結合專家觀點與實用解說，提供高品質的理財內容。\n\n若您重視財經素養、關注政經變化，並期望透過理性分析做出更好的財務決策，誠摯邀請你 點擊訂閱，開啟通知🔔，與《今周刊》一同掌握每週關鍵趨勢，邁向富足人生。\n\n',255000,1932,0,'https://yt3.ggpht.com/ytc/AIdro_mHuqfRRC81dklHHJ_F6UnPlK4OG7XKtm5p3hE6MD_OZw=s88-c-k-c0x00ffffff-no-rj','2012-12-24 01:29:20',8),(117,1,'徐海莉 Hailey','https://www.youtube.com/@haileyhsu','UCangQUK41PvVr608Zwnv86A',NULL,'2025-08-08 13:05:20','2025-08-08 21:05:20','大家好！我是徐海莉 Hailey\n2020/11/03 是我個人頻道開始的第一天\n希望我做出的每支片，都能讓大家覺得好笑（？\n沒啦  主要希望大家看完後 心情都是開心的，這樣就好❤️\n\n工作洽詢請找我的經紀人丹尼爾\n合作洽談聯絡信箱：haileyhsu.work@gmail.com\n本頻道為個人經營，不隸屬於任何經紀公司\n',438000,726,0,'https://yt3.ggpht.com/ytc/AIdro_m2HHMWbBIR36YJeKkPTfM8Eg8xIH_WVDFE0TS8HPM3S9c=s88-c-k-c0x00ffffff-no-rj','2019-10-02 12:29:31',28),(118,1,'老宋CHANNEL','https://www.youtube.com/@laosong_channel','UCx6kUcig2P2j5GnxrMiNMDA',NULL,'2025-08-08 13:06:06','2025-08-08 21:06:06','喜愛飛行，熱愛旅行，坐標東京，分享生活，感受文化！（關注飛機、鐵道、輪渡、酒店、旅行及社會文化）\n\n旅行が好きで、日本国内や海外を旅した様子を記録し、動画として発信しています。そして、旅先の文化や社会、日常の風景を通して、少しでも理解が深まり、誤解が解けるきっかけになれば嬉しいです。\n\nI enjoy traveling and produce videos documenting my journeys throughout Japan and abroad. Through sharing the cultural experiences I encounter, I hope to contribute—even modestly—to reducing misunderstandings and promoting mutual understanding.\n\n工作等相關聯絡:song03873@gmail.com\nお仕事のご依頼などはこちらへお願いします：song03873@gmail.com\n',281000,250,0,'https://yt3.ggpht.com/eHhsWPYW5dEskdTk6TXIR9IS13_DLjsddyZIC6IQotB_7xumcNC5XghKg3r2-XZlX91bDXUfSNc=s88-c-k-c0x00ffffff-no-rj','2020-12-20 11:04:35',21),(119,1,'黑皮','https://www.youtube.com/@jin_an0528','UC3JgKXxcCd02y3xIpgJKnWA',NULL,'2025-08-08 13:07:13','2025-08-08 21:07:13','這裡是蔡黑皮的頻道 💙\n走過路過 母湯錯過 !\n幫我留下一個訂閱吧 🔥\n\n任何有關臺灣的島嶼紀錄都在這裡⛰️🌊\n不論是臺灣的地理、歷史還是交通故事\n都能在這個頻道找到\n\n工作\\合作邀約\n洽詢Email : itstsaihappy@gmail.com',263000,208,0,'https://yt3.ggpht.com/lMh1M16CHKGi_iJk1xgCRu3kfI52eMSsKYyY40zkpna5GjDAFHM69eh6hY3yV3LFtEKlyN3g=s88-c-k-c0x00ffffff-no-rj','2013-10-19 06:53:23',34),(120,1,'心甜 Christy','https://www.youtube.com/@christywuwu','UCO9wEDPMwTC1BXJRaOSarjg',NULL,'2025-08-08 13:13:05','2025-08-08 21:13:05','訂閱心甜一起感受生活、熱愛生活！週三晚上9點上新影片！記得看❤️\n旅遊｜生活｜美食｜穿搭｜美妝｜情侶日常\n🥑每週三晚上9點上新影片\n🥑每週六不定期上片\n \n❤️訂閱我的頻道 Subscribe ► https://goo.gl/rqZ2Dv \n\nFacebook► 心甜 Christy\nInstagram► christywuwu\n工作邀約聯繫►  經紀人Evan：christywu820@gmail.com\n',210000,327,0,'https://yt3.ggpht.com/ytc/AIdro_lioaHYkqQmUT74UO2GkIY2zlPczkSUOUWQGKCJ2zZ7o-U=s88-c-k-c0x00ffffff-no-rj','2011-05-27 07:27:32',28),(121,1,'Chester117','https://www.youtube.com/@chester117yt','UCZe3dLLKBFMX5S3P_exRuGw',NULL,'2025-08-10 00:29:31','2025-08-10 08:29:31','Formula 1 analysis and race review podcasts\nF1一级方程式深度解析及比赛复盘播客\n\nB站Chester117唯一油管账号\n',15100,599,0,'https://yt3.ggpht.com/2xdEnfKXoXJvHJhoKp351Vh9JVB33e40qBU-xbp_jemluuf5odEDorEJwZ_z4MXMb2WWcXSOOv0=s88-c-k-c0x00ffffff-no-rj','2014-05-10 02:50:29',35),(122,1,'超認真少年Imserious','https://www.youtube.com/@超認真少年','UCckzc03-ycrpB1XIUfRhpnw',NULL,'2025-08-10 00:29:49','2025-08-10 08:29:49','男人中的男人，工業中的翹楚。\n\n十五歲開始工作的少年，\n擁有豐富社會經歷。\n一台砂輪機白手起家。\n主業為工業顧問與大型藝術工程。\n注重工業安全，只用優秀工具，以技術本位為號召。\n在藝術工程業界以作業效率及膽大接別人不敢做的工作聞名。\n\n十年海外工作經驗，累計獨特工法概念\n於2019年成立『超認真少年』品牌\n主張對萬物保有好奇並永遠以學徒心態奮進\n\n認真是不夠的\n我們要超認真\n\n------------\n「超認真少年」工業知識教育自媒體，從拍攝地底30公尺的潛盾機到如星際戰艦的現代化工廠，立志於「提升大眾對工業的興趣」。打造新一代台灣從事工業者形象，重視工業安全，使用高品質工具提升工作效率。抱著學徒的態度永遠不斷精進學習，就是超認真精神。\"I\'m Serious\" sparks interest in the industrial sector through captivating content, showcasing modern factories and tools. We shape a new generation of safety-conscious Taiwanese industrial professionals who value efficiency and continuous learning.\n-------------\n📍最新消息傳送門：https://portaly.cc/imserious\n-------------\n📍合作信箱：imseriou@gmail.com\n📍Facebook：https://www.facebook.com/imseriou/\n📍IG：https://www.instagram.com/imseriou/\n📍Podcast：https://www.youtube.com/channel/UCUYOC6AMxDYatIZEemISp4Q\n-------------\n📍官方周邊商品：https://www.imserious.cc/\n📍Line官方帳號：https://pse.is/3wn2db\n📍超認真工業技術交流平台：https://www.facebook.com/groups/imseriou/\n📍Line社群「超認真工程線上等」：https://pse.is/3v2nkf\n',913000,779,0,'https://yt3.ggpht.com/ktReJ6MAiKuD5-gyjRyhmXN2uhNCPvxKv958i7AxU2POgQ3TTeCxJu70cR-oWpyzYqFoBxOB7A=s88-c-k-c0x00ffffff-no-rj','2018-11-14 15:50:29',24),(123,1,'觅食Meetfood','https://www.youtube.com/@MeetFoodTour','UCCNjCOnlE0anpSqEQECmJIg',NULL,'2025-08-10 00:30:13','2025-08-10 08:30:13','海外美食测评，美食的背后，是文化和故事！\nwx搜索【Meetfood觅食】关注Meetfood官方公众号，加入我的粉丝群一起互动解锁更多美食、文化和故事～\nBilibili频道：MeetFood觅食        \n链接：https://space.bilibili.com/447317111\n\nInstagram：JoeJoe_meetfood  \n链接：https://www.instagram.com/joejoe_meetfood/\n',478000,351,0,'https://yt3.ggpht.com/ytc/AIdro_l3TZYjHAZU4sH4doMCbk8EINDRQw6VOydjC4ghM8pzDFs=s88-c-k-c0x00ffffff-no-rj','2019-08-14 00:46:06',25),(124,1,'安娜馭房術','https://www.youtube.com/@anna_getaway','UCJdfCSh_8YFtdzSwaZmlQvg',NULL,'2025-08-10 00:31:32','2025-08-10 08:31:32','你的房地產小幫手❤️一起輕鬆搞懂房地產✨\n合作邀約📧annagetawaywork@gmail.com\n#房地產 #房產 #地產 #房市 #房價 #租屋 #買屋 #購屋 \n',128000,409,0,'https://yt3.ggpht.com/FzI-efXa5-JzeczBieEZLolu3CkOgmUFm4hG5gnBWpVrfQx5eyV9rcq4jxKdXAz2SF7nyfz2cQ=s88-c-k-c0x00ffffff-no-rj','2023-04-24 13:45:03',17),(125,1,'風傳媒 The Storm Media','https://www.youtube.com/@TheStormMedia','UCwWXGnvVmi-6Sfx2wf8S8tQ',NULL,'2025-08-10 00:31:57','2025-08-10 08:31:57','風傳媒是提供最多元資訊的媒體平台，喜歡我們的影音內容就『訂閱』風傳媒吧！\n\n📢加入Youtube專屬會員\n👉下班喝一杯啤酒 每月$75\n👉下班喝一杯清酒 每月$150\n👉下班喝一杯紅酒 每月$300\n\n✓ 點我加入《風傳媒》Line 好友（ID：@dyp8323m）　http://bit.ly/2hETgWE\n✓ 點我訂閱《風傳媒》YouTube 頻道　http://bit.ly/2grkAJ6\n✓ 點我追蹤《下班經濟學》IG頻道（ID：@worked_money） https://bit.ly/2WZ1Dnb\n✓ 點我追蹤《下班瀚你聊》IG頻道（ID：@offworkhantalk） https://reurl.cc/dWrry6\n✓ 點我加入《下班經濟學》telegram頻道　https://t.me/storm_money\n\n【Facebook粉絲團】\n風傳媒►► https://www.facebook.com/stormmedia\n風生活►► https://www.facebook.com/SMediaLife\n下班經濟學►►https://www.facebook.com/workedmoney\n\n⚠️未經著作權人事先書面同意，勿將內容用於商業性質之分享、連結。 \n⚠️如有任何營業使用，必須事先取得書面同意。\n',2400000,15063,0,'https://yt3.ggpht.com/ytc/AIdro_kyr2nHiIaMVQzPslMcYGvRGeO-X1m6GWNPikJva9BiJeM=s88-c-k-c0x00ffffff-no-rj','2015-02-04 11:18:50',15),(126,1,'日本食冒険記Tokyo Food Adventures','https://www.youtube.com/@TokyoFoodAdventures','UCXz4C2UgKkskK8ZcEbgRDVA',NULL,'2025-08-10 00:33:13','2025-08-10 08:33:13','Daisukeといいます！訪日外国人に美味しい日本食（寿司、天ぷら、和牛など）を紹介してます♪\n\nTokyo is the World\'s Best Food City!\nI am Daisuke from Tokyo Food Adventures and would like to introduce you lots of delicious Japanese foods in this channel!\n\nお問い合わせは👇\ndaisuke.s0225@gmail.com\n',572000,468,0,'https://yt3.ggpht.com/ytc/AIdro_lsgkCb7bJ6dMjIs9uAe3ZpnKb1SVGBB1jfUSrZJagTXDo=s88-c-k-c0x00ffffff-no-rj','2016-07-02 14:58:01',25),(127,1,'日本曼生活','https://www.youtube.com/@日本曼生活','UCMi3ZxCiMmgQICd18HNS5iQ',NULL,'2025-08-10 00:33:43','2025-08-10 08:33:43','哈囉,大家好\n謝謝你來到我的頻道\n我是曼曼,一個努力在日本生活的台灣女孩\n如果有什麼關於日本的疑問或者有想知道的事情,都歡迎留言給我\n如果大家的疑問在我知道的範圍,我會努力回答大家,\n也謝謝大家平常的支持以及愛護,你們就是我製作影片的原動力,未來也請多多指教\n\n片頭曲\nhttps://youtu.be/7LHPIu-vWRQ\n\n片尾曲\nhttps://youtu.be/Qd01-6xVSHk\n\n\n工作邀約/日本旅遊疑難雜症: milu02220711@gmail.com',146000,188,0,'https://yt3.ggpht.com/6lV41sZSUCUkjteZ6hDWpRytd24LSgokRfqgtFeHEYnwjYMuv4KBB-tBhkHYhUBYmCzncSX0vQ=s88-c-k-c0x00ffffff-no-rj','2020-05-24 14:04:05',21),(128,1,'日本福岡女孩Yumeko Japan Travel','https://www.youtube.com/@yumekojapantravel','UCmGn4rk7yEBRR-bi9Fo2ypw',NULL,'2025-08-10 00:34:15','2025-08-10 08:34:15','Hi 大家好我是夢子 歡迎來到我的頻道\n\n頻道主要分享日本旅遊觀光景點\n和夢子在日本生活的所見所聞❤️\n\n都在這個頻道和大家分享\n歡迎大家常常來頻道玩耍✨\n\n工作洽詢：fukuokayumeko@gmail.com\n影片只發佈於Youtube, 禁止私自轉載任何影片\n電視媒體授權請電郵\n',96300,333,0,'https://yt3.ggpht.com/BRDLakqoHJIGFDdCc3ZsG7eIVGHjlzYWN28up1PZ5k71e7RAQhExWU4dx_CYdNndVCDPz1vJ=s88-c-k-c0x00ffffff-no-rj','2013-11-08 16:42:14',21),(129,1,'Torres Pit托哥','https://www.youtube.com/@torrespit666','UCsnZXdLOGBnezK--CiG7FZQ',NULL,'2025-08-14 00:38:22','2025-08-14 08:38:22','Life stops when you stop Exploring.\nE: torres@attentionwhale.com',1200000,332,0,'https://yt3.ggpht.com/X6M3UwpJxhq6Wp8EAdOmvbI2WQVo5vHOpDHJhHDqa61csoPvUX_pMTxAMldXWxUQWJbK42NX=s88-c-k-c0x00ffffff-no-rj','2018-05-14 07:50:15',28),(130,1,'世界之最TOP','https://www.youtube.com/@SJZZ-Top','UCE_4Cin3l8LwAySxEVluKDQ',NULL,'2025-08-14 00:39:17','2025-08-14 08:39:17','歡迎來到「世界之最TOP」頻道。\n這裡每天分享擁有獨特觀點的“世界之最”。\n我會將自己學習到的：人類、歷史、地理、腦洞、社會事件、靈異傳說、未解之謎……\n製作成不一樣的影片，分享給你，同時給您帶來快樂！\n希望你會喜歡，謝謝你的訂閱！\n=================================\n歡迎提出你想知道的“世界之最”，我會定期挑選進行製作。\n=================================\n禁止複製、搬運、重新上傳，本頻道受版權保護的影片。\n製作不易，謝謝理解。\n\n\n',783000,822,0,'https://yt3.ggpht.com/LnN1-gyfW51ngMr-lhXJ6Hi_yEbMuLg8g9lCO-KwUdGlK42YgXr5HpKQnBdb8zyMtvrIUnLnkc8=s88-c-k-c0x00ffffff-no-rj','2021-07-28 14:45:44',3),(131,1,'太学TAIXUE','https://www.youtube.com/@太学TAIXUE','UCC0odGmilDtLDGQErPP1O2Q',NULL,'2025-08-14 00:40:01','2025-08-14 08:40:01','太学，分享可行动的知识',35200,66,0,'https://yt3.ggpht.com/ZWMxG3iFz5S1Q5JwAOn0OrX81khFXjtLx-VzYh2E4Dof46eClcGGVPH5xy4JTUmfgz22XoUzSw=s88-c-k-c0x00ffffff-no-rj','2025-07-07 05:08:38',15),(132,1,'牛小咖MumaMoo (牛小咖)','https://www.youtube.com/@MumaMoo','UCtq1UYIhHgzYx0BBQYW9qfQ',NULL,'2025-08-14 00:41:29','2025-08-14 08:41:29','Founder of MumamooCoffee\nInstagram：muma_moo\nPlan our world wide coffee business currently \n',106000,435,0,'https://yt3.ggpht.com/ytc/AIdro_mwXwrb7M-u6JRAu-I6dB0feYOR-EsbxNjKhYoBmTj6v7o=s88-c-k-c0x00ffffff-no-rj','2019-02-21 03:42:40',4),(133,1,'牛排','https://www.youtube.com/@jam_steak','UCZJ6_ybUlrz2M-QrstqG4dg',NULL,'2025-08-14 00:41:59','2025-08-14 08:41:59','我很喜歡拍影片，也會定期上傳喔',795000,413,0,'https://yt3.ggpht.com/ytc/AIdro_kQ6niSJXPQ1ASFtRuHy1o1W-yIG-hoi_2NyRlvLiz6pMk=s88-c-k-c0x00ffffff-no-rj','2016-11-10 13:02:44',28),(134,1,'more torres pit','https://www.youtube.com/@moretorrespit666','UC9pS2GetMpzle6qPi9J_G-Q',NULL,'2025-08-25 08:27:15','2025-08-25 16:27:15','在這裡繼續和你們激情交流 Always Exploring！！\nE: torres@attentionwhale.com\n',93400,48,0,'https://yt3.ggpht.com/tD7ponP9oxyKmdUUb79s8AxQFqxVAcAywxIioL6Nm6Sn0x2n5hoL6az9czQihce_SBbO2eHx=s88-c-k-c0x00ffffff-no-rj','2024-01-10 09:25:27',28),(135,1,'烙野孩imyeahhi','https://www.youtube.com/@imyeahhi','UCkA28YTskVsTzh6S5X6As_Q',NULL,'2025-08-25 08:29:59','2025-08-25 16:29:59','2019年12月創立「烙野孩」 \n這裡是 Allen ＆ Amber  的頻道\n喜歡戶外生活，也喜歡旅遊，最好是找到沒有人的風景 \n野溪溫泉、山岳、下海、旅遊住宿、瀑布、露營、野營\n最經典的「你也能到的一日秘境」\n在播放清單有很好的分類\n希望讓你也能深深的愛上台灣 !\n\n合作邀約 imyeahhi@gmail.com\n',250000,370,0,'https://yt3.ggpht.com/lGPq2TTAIJ1n-WXxJDdqoaUrLoZercoge8jeAPHn3VckqKbqw7AhK9X5xryDgnTgHjtop9vCZBY=s88-c-k-c0x00ffffff-no-rj','2013-11-09 20:32:07',36),(136,1,'Hades Ng','https://www.youtube.com/@hadesng8519','UCIwnMR9SiBYVmpPHwbD1XWQ',NULL,'2025-08-25 08:30:51','2025-08-25 16:30:51','分享抖音livehouse音乐',3210,30,0,'https://yt3.ggpht.com/ytc/AIdro_lzT4n8p3xj5H6-NWhlhMezSCDUUbqgHriza788efGbTg=s88-c-k-c0x00ffffff-no-rj','2013-11-29 04:36:41',9),(137,1,'司文的不思議世界','https://www.youtube.com/@siwensekai','UCH0wUDWKja2MLBJ1Q4st1Rg',NULL,'2025-08-25 08:31:15','2025-08-25 16:31:15','少與人糾纏，多看大自然。',245000,55,0,'https://yt3.ggpht.com/LpFEVjwyGYGUDozwTlTq8-DfcivtVi9HMBI_plASKqt7n62WpVNo-zXJbxG5N6VXDd4Bbhnmc1A=s88-c-k-c0x00ffffff-no-rj','2022-08-27 15:29:09',3),(138,1,'冯提莫 Feng Timo - Ni Tac','https://www.youtube.com/@NiTacFengTimo','UC5XKRYymc4Jx-5rTCVFVhAA',NULL,'2025-08-25 08:33:33','2025-08-25 16:33:33','我是“ Ni Tac”. 我只是冯提莫的粉丝，我不是她，请不要混淆。我上传的视频是希望与社区一起传播她的。\n\n❤ Follow 馮提莫 (冯提莫) - Feng Timo\n- Livestream: https://live.douyin.com/Fengtimo1219\n- Weibo:  https://www.weibo.com/u/1672384324\n\n🔔 Contact Ni Tac: \n• Email: nitac0102@gmail.com\n• If the copyright owner believes that the video has an infringement, please contact this channel and the video will be completely deleted.\n• Thank you very much for watching! Love all! ❤\n',786000,1223,0,'https://yt3.ggpht.com/IGd-uRe0ZrWDAy4m-U6fGCi5ODpR5xEfB0QoncQBQxTzHBlFV7ee1q6u-kiMIzCdUiKKlNkWmg=s88-c-k-c0x00ffffff-no-rj','2017-06-06 16:00:26',28),(139,1,'出張王','https://www.youtube.com/@出張王','UCsH6IDfZ5lG1x5GTjGqp9Lg',NULL,'2025-08-25 08:34:04','2025-08-25 16:34:04','出張王，因工作關係常需到世界各地出差，在看過各地的城市規劃與建築設計後有許多省思，期許台灣建築也能變得更好。 分享城市開發、建築建設、工程工法、藝術工藝\n商案/合作邀約 siegeengineer36@gmail.com\n\n\n',98000,118,0,'https://yt3.ggpht.com/1xZ4MT4sX6DauujgfQoDmzy73dtiJGTTWawBS3nc79clIDTFSZa4Zzo7G3bUqfcuT6PYGjc_=s88-c-k-c0x00ffffff-no-rj','2020-04-20 05:29:19',24),(140,1,'加珍珠&甘那迪','https://www.youtube.com/@JENGANADI','UCennOfgqTBnRAYcsjqftM3g',NULL,'2025-08-25 08:34:29','2025-08-25 16:34:29','\n：「她不是在吃就是在吃的路上。」\n：「他不是在釣就是在釣的路上。」\n\n🙋🏻‍♀️我是加珍珠，只要吃就能滿足的女生。\n🙋🏻我是甘那迪，只要釣就能滿足的男生。\n\n👣2018年05月26號✨100位訂閱者\n👣2018年07月16號✨500位訂閱者\n👣2018年07月28號✨1000位訂閱者\n👣2018年09月29號✨2500位訂閱者\n👣2019年01月10號✨4000位訂閱者\n👣2019年08月31號✨10000位訂閱者\n👣2020年02月14號✨30000位訂閱者\n👣2020年10月08號✨70000位訂閱者\n👣2021年01月10號✨80000位訂閱者\n👣2021年04月16號✨90000位訂閱者\n👣2021年09月11號✨100000位訂閱者\n👣2024年04月06號✨200000位訂閱者\n\n\n➥ 商業合作：dicksonwclo@gmail.com\n',220000,403,0,'https://yt3.ggpht.com/cYQFf76HpCkpZi111jbkZtNhZN1GY0Lco4LMOhIombC_nMRUzO-nGaBEjQIxZzQf1KSYewFpQYE=s88-c-k-c0x00ffffff-no-rj','2012-09-12 12:48:19',28),(141,1,'LKs OFFICIAL CHANNEL','https://www.youtube.com/@LKs_official','UCMpQA4MMSpl_bMvNTZ5rODQ',NULL,'2025-09-01 07:46:46','2025-09-01 15:46:46','猜猜我下期視頻要做什麼？\nps：墨鏡是設定，也是本體',262000,496,0,'https://yt3.ggpht.com/ytc/AIdro_mtKKFJosSkOhCZhGpkWGwDF9BahsRw08qhEGJf8KfmaB8=s88-c-k-c0x00ffffff-no-rj','2019-07-08 10:03:33',28),(142,1,'彼得森','https://www.youtube.com/@Petersunreview','UCl9BPXjyEmA0q6IrQvsEazA',NULL,'2025-09-01 07:47:07','2025-09-01 15:47:07','生活在北美的華裔台灣女婿，嗨～ 🙋‍♂️\n\n彼得森從 2022 年 3 月起，\n正式經營這個 3C 科技頻道，\n希望用最簡單的方式，\n帶大家一起搞懂複雜的科技產品，\n並且選對適合自己的好東西！\n\n✅ 科技產品｜對比＆選購指南\n✅ 科技產品｜實用技巧分享\n✅ 科技新知｜最新消息＆觀點\n\n歡迎大家多多留言給彼得森，\n你的每一個寶貴建議，\n都能讓這個頻道變得更好！\n非常感謝大家的支持 🙏\n\n最重要的是.........\n記得訂閱起來～別錯過啦～ 🙆‍♂️✨\n',319000,738,0,'https://yt3.ggpht.com/Idd_XOovqWqNNhYZ0XY2Gl2fJfVI2nP7CztOmdLBD4ZAcfkVZ_YVwJVwjBTUQCXbs90xDaHk7TM=s88-c-k-c0x00ffffff-no-rj','2012-01-24 03:44:24',10),(143,1,'纪录片研习社','https://www.youtube.com/@jlpyxs','UCkHNjVNTPVwAR8KjZXAMmIQ',NULL,'2025-09-01 07:47:57','2025-09-01 15:47:57','订阅《纪录片研习社》，看更多有趣的纪录片！\n致力搜集最精短有趣的记录片段，每天18:30-20:30准时更新聚焦社会热点、人文世情、两性关系等主题的对话~用最少的时间看最真切的内容。',111000,2630,0,'https://yt3.ggpht.com/QZ40bpXL6fo4jSRxStr5r-4aTkTowGoevwaCju7QMrdwaScZY5ymDhczMQ0nvfBuEY8W86WU=s88-c-k-c0x00ffffff-no-rj','2022-10-09 05:53:40',33),(144,1,'开箱开箱','https://www.youtube.com/@开箱开箱','UCoInOf5z8viLuInCsqZqj-g',NULL,'2025-09-01 07:49:21','2025-09-01 15:49:21','I create my own artistic style for the film by adding creative storytelling and voiceovers!\nBy using documentary or web video clips in my videos, I help the original creator introduce their work to a large audience that may have never heard of it otherwise. Ultimately, this helps the creator of the original work as well.\nUnder Section 107 of the Copyright Act of 1976, allowance is made for \"fair use\" for purposes such as criticism, comment, news reporting, teaching, scholarship, education, and research.\n通过添加创意故事和画外音，为电影创作出属于我自己的艺术风格！\n通过在视频中使用纪录片或者网络视频片段，我帮助原创者向众多原本可能从未听说过的观众介绍他们的作品。最终，这也帮助了原创作品的创作者。\n根据1976年《版权法》第107条，允许出于批评、评论、新闻报道、教学、学术研究、教育和研究等目的进行“合理使用”。\n',7740,92,0,'https://yt3.ggpht.com/XqrAmue4IFheOyIIETVmvOcYWf0YCJOd4554waCywb1XwlYp5VODzpMf0aKA3PPtxXvo4EzM=s88-c-k-c0x00ffffff-no-rj','2025-04-07 07:41:11',15),(145,1,'呷尬飽嘟嘟','https://www.youtube.com/@jiagabadudu','UCdgmB6jDeUAxln6kYnbD9pw',NULL,'2025-09-01 07:49:40','2025-09-01 15:49:40','👉專業品酒師帶你品嚐美食美酒 \n\n不過度浮誇\n不惡意批評\n探索世界美食美酒\n一起呷尬飽嘟嘟\n',7180,140,0,'https://yt3.ggpht.com/IBKBXlq3ihVFA_u6fDucDL-UqpPWPSiTYjT2zn3Sco6cxrvCM0xiV3fc1WRGcdVynSWbc4KoQg=s88-c-k-c0x00ffffff-no-rj','2025-02-27 17:47:00',25),(146,1,'在家做生魚片 Making sashimi at home.','https://www.youtube.com/@在家做生魚片','UCeXDWKSED7Vww4L-Q6O1pbg',NULL,'2025-09-23 00:18:53','2025-09-23 08:18:53','我是ELI，我喜歡吃魚，迷戀各種生魚片，自學如何做生魚片。\n分享我去漁港、出海，以及在家自製生魚片的過程。\n希望有朝一日能推動台灣魚貨處理流程，往更精緻的方向前進。\n歡迎大家多多指教。\n\nLine官方：@346bvwiu 記得加小老鼠\n出海邀約 商務合作：homesashimi@gmail.com\n有藍本船員證\n',400000,434,0,'https://yt3.ggpht.com/8SY00fNqT_QWYZ1fOOXJtVeVbliwvyzssaCVSgVHwCRz2nfz6P841z9tC-QoImNnkkoq0Add=s88-c-k-c0x00ffffff-no-rj','2020-07-09 00:34:01',25),(147,1,'陈陈陈Clara','https://www.youtube.com/channel/UC2wiaLhMljPRXiuKOI67cwA','UC2wiaLhMljPRXiuKOI67cwA',NULL,'2026-03-16 05:17:00','2026-03-16 13:17:00','前对冲基金量化研究员，CFA，剑桥大学',533,14,0,'https://yt3.ggpht.com/uhvMuTyeAwU9wxRgN4BmhgpP3q22eDA4DNxdO00CeWpN6AgUSybdAKGiSjEk0W97fTdr7lhfjw=s88-c-k-c0x00ffffff-no-rj','2025-07-08 08:47:57',1),(148,1,'Branch Education','https://www.youtube.com/channel/UCdp4_l1vPmpN-gDbUwhaRUQ','UCdp4_l1vPmpN-gDbUwhaRUQ',NULL,'2026-03-16 05:18:15','2026-03-16 13:18:15','How do Microchips work?  How does your smartphone camera work?  How does Bluetooth work?  At Branch Education, we dive deep into the science, engineering, and technology in our modern world using 3D animation and incredibly detailed models. \n\nFounder of Branch Education: Theodore J Tablante\n\nWant to support in-depth engineering and technology education? Support us on Patreon:  http://www.patreon.com/brancheducation\n\nModeling is done in Blender 4.2.3 LTS Eevee and Cycles Render Engine, Adobe Premiere, and Reaper',2690000,59,0,'https://yt3.ggpht.com/3NA84SrZjBn4mqokZwGCNLeqAldLRdGZihlfXcTg_thd20VxdXvE69aswDmEOydcEitGC2DEQlY=s88-c-k-c0x00ffffff-no-rj','2018-05-14 20:46:11',1),(149,1,'막내온탑','https://www.youtube.com/channel/UCdkdRPD_mxyAafJ_r_hciOw','UCdkdRPD_mxyAafJ_r_hciOw',NULL,'2026-03-16 05:19:28','2026-03-16 13:19:28','',584,3,0,'https://yt3.ggpht.com/21lTRcakfYPnHD4-pfRKC0jT430CCa7_w-DX-dmAkbllFcu9mTPQdqdJXiM3baUfveKsZgXiAy4=s88-c-k-c0x00ffffff-no-rj','2023-06-22 10:33:21',1),(150,1,'HACKADAY','https://www.youtube.com/channel/UCnv0gfLQFNGPJ5MHSGuIAkw','UCnv0gfLQFNGPJ5MHSGuIAkw',NULL,'2026-03-16 05:20:31','2026-03-16 13:20:31','Worldwide engineering knowledge exchange\nArticles and Tech News: www.hackaday.com\nCommunity: www.hackaday.io\nLearn: www. hackaday.io/u\n',207000,1268,0,'https://yt3.ggpht.com/ytc/AIdro_kesrqvfztbTK13jPhqXrA9rce66-bIbMX8Yy514CvPgGk=s88-c-k-c0x00ffffff-no-rj','2006-06-02 19:24:29',1),(151,1,'零一造物','https://www.youtube.com/@零一造物','UCgfE0hggGSx70XomKAB8PZQ',NULL,'2026-03-19 03:52:12','2026-03-19 11:52:12','一起来享受从零到一的创造吧！',3980,13,0,'https://yt3.ggpht.com/9jGycYYBjxnuTJbowYD9Z7-e--ymNLhBH-LLdo-1ozrs8zifZR2x6QR6BjTAo1f-Ldp3fO7V=s88-c-k-c0x00ffffff-no-rj','2025-07-11 13:59:56',1),(152,1,'卓叔增重','https://www.youtube.com/@UncleZhuo','UCYZhdeCDgpcWXh4syLe_aXA',NULL,'2026-03-19 03:52:56','2026-03-19 11:52:56','歡迎來到瘦子增重大家庭。 這裡有系統的瘦子增重科普教程，大家可以翻看我的影片學習增重方法，訓練+加餐，趕緊行動起來。 \n快點關注我的頻道吧：https://bit.ly/2ZH0Jv2\n\n《增肌教學課》+《飲食營養課》上線海外平台啦！\n購買鏈接：https://vimeo.com/ondemand/zszz03\n\n🙌我的【微信公眾號】：卓叔增重\n裡面有200+篇瘦子增重的乾貨教程‼️歡迎大家訂閱\n🛒我的【淘寶店鋪】：卓叔瘦人增重店\n提供為瘦子定製的補劑、裝備\n有黑貓的就是我家‼️\n',430000,132,0,'https://yt3.ggpht.com/ytc/AIdro_l0YUsJ1IMTspFIHyZ9tZKIE-FQcB54JMdYJ7BprxdNFA=s88-c-k-c0x00ffffff-no-rj','2010-08-29 02:29:51',7),(153,1,'BLASTERTECHNOLOGY','https://www.youtube.com/@blastertechnology','UCrFc92MXmYm_XD_jCIYy6_w',NULL,'2026-03-19 03:53:31','2026-03-19 11:53:31','contact.blastertechnology@gmail.com\n\nHere you will find videos about technology, unboxing and reviews. Technology has evolved a lot over time, and your phone, tablet, laptop, TV looked different a few years ago. They have evolved both in terms of specifications and design. All gadgets, phones, computers, are now much slimmer and more innovative. \n\nI am excited to share with you my knowledge and research on all this things. You are not just a subscriber, you are part of our technology community and we appreciate that you are with us. We put a considerable effort behind each video because we want to offer you the best information.\n\nI hope you enjoy it!',235000,176,0,'https://yt3.ggpht.com/ytc/AIdro_kpBgv40dZK8Ep_QAeQJAe4LPeuMdqhU8w6EoDVyC_-Se4=s88-c-k-c0x00ffffff-no-rj','2011-04-23 07:08:54',10),(154,1,'JerryRigEverything','https://www.youtube.com/@JerryRigEverything','UCWFKCr40YwOZQx8FHU_ZqqQ',NULL,'2026-03-19 03:57:35','2026-03-19 11:57:35','I review technology from the inside. \nEcoFlow Global Ambassador.\n\nSEND ME STUFF: \n125 E Main St. Suite 335\nAmerican Fork, Ut. \n84003\n\nANYTHING SENT TO THE ABOVE ADDRESS will not be returned. \nContact: JerryRigEverything at gmail dot com\n\nVideos are for Entertainment Purposes only.  Attempt any repairs at your own risk. \n\nJerryRigEverything is a participant in the Amazon Services LLC Associates Program, an affiliate advertising program designed to provide a means for sites to earn advertising fees by advertising and linking to amazon.com.\n',9930000,1524,0,'https://yt3.ggpht.com/ebXyJhsgpfIHg4PXw3eSFTeSx6Ud1us26Gwgshe9jPBvSu82SpQkFmc1GK7q2Go2KJePYQ5Icg=s88-c-k-c0x00ffffff-no-rj','2012-07-23 07:07:54',10),(155,1,'什麼頻道 !? What Channel !','https://www.youtube.com/@what_channel','UCXRALIPCxlW6iJn0ufhfl9A',NULL,'2026-03-20 14:46:04','2026-03-20 22:46:04','哈囉各位來觀看我們頻道的大家，\n\n我們是以職人訪談為出發點的頻道，\n\n目前已科技業的職人分享為主，\n\n我們的頻道會以這幾個內容為主\n\nㄧ一ㄧ一ㄧ一ㄧ一ㄧ一ㄧ一ㄧ一ㄧ一ㄧ一ㄧ一ㄧ一ㄧ一ㄧ一ㄧ一ㄧ一\n\n►►  科技業職人訪談   \n\n         會邀請一些臥虎藏龍的職人，來分享他們的工作、求學經驗。\n\nㄧ一ㄧ一ㄧ一ㄧ一ㄧ一ㄧ一ㄧ一ㄧ一ㄧ一ㄧ一ㄧ一ㄧ一ㄧ一ㄧ一ㄧ一\n\n►►  大學科系學什麼\n\n         藉由來賓來介紹自己大學科系是學什麼東西。\n\nㄧ一ㄧ一ㄧ一ㄧ一ㄧ一ㄧ一ㄧ一ㄧ一ㄧ一ㄧ一ㄧ一ㄧ一ㄧ一ㄧ一ㄧ一\n\n►►  工作技能\n\n         會找一些學校沒有教，但在職場上你應該要會的事情。\n\nㄧ一ㄧ一ㄧ一ㄧ一ㄧ一ㄧ一ㄧ一ㄧ一ㄧ一ㄧ一ㄧ一ㄧ一ㄧ一ㄧ一ㄧ一\n\n►►  聊聊教育\n\n          因為對教育有憧憬，有時候會聊聊一些教育議題。\n\nㄧ一ㄧ一ㄧ一ㄧ一ㄧ一ㄧ一ㄧ一ㄧ一ㄧ一ㄧ一ㄧ一ㄧ一ㄧ一ㄧ一ㄧ一\n\n\n\n我們創立的宗旨是希望在求學的學生們，\n可以了解到大學系所畢業後的就業情況，\n希望每個\n「國中生」「高中生」「大學生」\n「研究生」「碩士生」「博士生」\n都能藉由我們的頻道邀請來賓的分享，\n讓他們知道說「這個科系」「這個職務」的工作概況，\n確保說他們不會在完全不知道未來就業市場的情形下，\n還一直唸這個科系。\n\n至於為什麼會叫做 \n\n「什麼頻道 !? What Channel !」\n\n「什麼」看似簡單卻又不簡單的兩個字，\n當我們不知道、有疑問、困惑時，\n可以說是最常用的兩個字，\n這也是我們頻道成立的宗旨。\n\n為什麼而念書？為什麼念這個科系？這個職務是做什麼？\n\n希望能透過我們的影片，簡單的幫助有產生出「什麼」念頭的你們，\n我們頻道分享的不是絕對，因為在問「什麼」之後，\n是有你決定，你要的是「什麼」。\n\n如果您覺得您的工作經驗很有趣，對於一些年輕人會有幫助，\n非常歡迎跟我們聯繫，我們非常歡迎有故事的人一起來聊聊，\n\n您可以透過此信箱跟我們聯繫：lastingvoicepro@gmail.com\n\n\n',64500,490,0,'https://yt3.ggpht.com/ytc/AIdro_mS4oogSJZ33aUbgfFdLZ1_6D3qqxrjmn00nlcAThahDQ=s88-c-k-c0x00ffffff-no-rj','2020-06-17 03:54:40',1),(156,1,'Code Me Maybe 碼上學','https://www.youtube.com/@CodeMeMaybe','UCiMiym2Ng_ip22AWPg9IYQw',NULL,'2026-03-21 15:55:55','2026-03-21 23:55:55','Code me maybe? 陪你『碼上學』，輕鬆掌握程式新技能。 \n\n歡迎來到 Code Me Maybe 碼上學！👋\n\n你是否覺得學程式總是很枯燥，看到滿滿的程式碼就想關掉視窗？或是想跟上最新的科技潮流，卻不知道從何下手？\n別擔心，你來對地方了！\n\nCode Me Maybe 碼上學的創立初衷，就是想打破學習程式的難關。我們相信，寫程式可以像玩遊戲一樣有趣，解決問題能帶來巨大的成就感。在這裡，我們會用最生動有趣的方式，帶你探索程式的奧妙。\n\n👉 在這個頻道，你可以期待：\n•最新科技新知： AI、雲端、軟體... 我們為你消化最新、創新的科技資訊，轉化成好懂的內容。\n•程式實戰教學：超實用的LINE Bot 開發、Python實戰教學、統計學小教室以及n8n自動化流程教學，讓你馬上就能做出酷東西！\n\n我們的目標是打造一個充滿活力的學習社群，無論你是完全的程式麻瓜，還是想精進技能的開發者，都歡迎加入我們！\n準備好「碼上學」了嗎？按下訂閱，跟我們一起踏上這段有趣的旅程吧！\n\n',10900,138,0,'https://yt3.ggpht.com/UdmdG2eP24llPOL6WfFkbQDQokYRl6Q5hn5vydeq1HZir1bT0YUPhFIdzYmYrugTU56oJUy-_Q=s88-c-k-c0x00ffffff-no-rj','2023-02-06 00:24:58',1),(157,1,'二一的笔记','https://www.youtube.com/@eryinote','UCRZoyvSkYhYBQyQotbtPJNQ',NULL,'2026-03-26 10:36:39','2026-03-26 18:36:39','我的 Notion 模板： https://21notion.com\n\n',15900,20,0,'https://yt3.ggpht.com/c1qaeMceZRIPy3hZeZ0o-ES-8eI7OyGlWX9aCUZJO4Je2hrSgVz1p5PKxxsMb2uHQkctzRGt=s88-c-k-c0x00ffffff-no-rj','2021-11-09 05:27:25',NULL),(158,1,'杰森的效率工坊','https://www.youtube.com/channel/UCvZUCvhFnqw4WEK7If7vQEQ','UCvZUCvhFnqw4WEK7If7vQEQ',NULL,'2026-03-26 12:27:38','2026-03-26 20:27:38','嗨，我是杰森！欢迎来到我的效率工坊！\n分享知识管理与个人效率的技巧，探索AI世界的更优解。\n别忘了点击订阅，成为效率工坊的一员！\n\n欢迎访问我的主页，领取我的免费资源和模版！\n',22700,50,0,'https://yt3.ggpht.com/6GDWK55rlgtU4lcfBySs3Y-0McP0cZZbQPoioqLX2BaY_JBzYBHZ6IyWZyCxXrayrkrcxref1g=s88-c-k-c0x00ffffff-no-rj','2025-07-05 17:07:56',NULL),(159,1,'東東隆咚鏘','https://www.youtube.com/@ddlongdqiang','UCBKyaH1-TpSB7m_xE0BojYg',NULL,'2026-03-28 05:42:23','2026-03-28 13:42:23','張立東 aka 全民情獸，世界頂級的撩妹大師，短短幾秒內就擄獲正妹的心，讓你打開頻道都能聞到香氣~\n東東隆咚鏘訂閱起來~ \n相關合作邀約請洽➡️supreme720830@gmail.com\n經紀人小明➡️0915907037\nIG:https://www.instagram.com/leoleo917/ \nFB:https://www.facebook.com/changlitung\nTikTok: https://www.tiktok.com/@ddlongdqiang\n',138000,407,0,'https://yt3.ggpht.com/ygKmGzZUBR4nJHF1_eRjbGsjz0Yg92uU5_UIMxmMui6Wxv6f6n6dIvaVFJGoh6UNA8kxTR8Yig=s88-c-k-c0x00ffffff-no-rj','2022-05-30 08:25:39',NULL),(160,1,'BBGthisway','https://www.youtube.com/@BBGthisway','UC1yUxgzS8VICiVavAf72nsw',NULL,'2026-03-29 13:13:27','2026-03-29 21:13:27','',28500,23,0,'https://yt3.ggpht.com/M4sRSgBnhxOLzIdKbr2xnF_O_g8xndit0oHJgvftQxi4gzZ9lwSM-kwEit-222zpPx2df_m50A=s88-c-k-c0x00ffffff-no-rj','2023-02-23 06:03:10',2),(161,1,'Miwivon','https://www.youtube.com/@Miwivon','UC2LWPXCOvWXYXpGD0hYbx1w',NULL,'2026-03-29 13:54:16','2026-03-29 21:54:16','Instagram/Red/Bilibili/Weibo: @Miwivon\nOutfit: www.azuriera.com\n',94800,137,0,'https://yt3.ggpht.com/aHYCUWlFSHufEMLSfpPD8BpSo6OMGA7SEZsS52g6YEy5SIyC42gcehSzx6MEgjM4kFxLUAOH=s88-c-k-c0x00ffffff-no-rj','2015-01-10 18:54:52',2),(162,2,'TechWorld with Nana','https://www.youtube.com/channel/UCdngmbVKX1Tgre699-XLlUA','UCdngmbVKX1Tgre699-XLlUA',NULL,'2026-03-29 14:37:47','2026-03-29 22:37:47','Helping millions of engineers to advance their careers with DevOps & Cloud education 💙\n\nI create new videos every month, topics include mainly DevOps and Cloud tutorials. Subscribe and activate bell notification so you don\'t miss new videos :)\n\nI\'m a Docker Captain, AWS Container Hero 🤓  💪\n\n►  https://www.techworld-with-nana.com/\n\nSome topics covered:\n - Docker\n - Kubernetes\n - CI/CD - GitLab CI, GitHub Actions, Jenkins\n - Python\n - Ansible\n - Prometheus Monitoring\n - Terraform\n - YAML\n - & more!\n\nHave fun watching my videos! 🙂',1430000,156,0,'https://yt3.ggpht.com/ZAuMKdMcyV3mhX857oCGWzQAQ4AqZhiDIO76MTC_DqckrujSNg5Mh2AQh6ngWYv7bzfu7TBoj24=s88-c-k-c0x00ffffff-no-rj','2019-10-06 16:50:17',NULL),(163,1,'微机分WekiHome','https://www.youtube.com/@wekihome9414','UCTJJX_LQcDED7MZbt9OSeQQ',NULL,'2026-04-04 03:25:46','2026-04-04 11:25:46','跟大家报告一下\n\n我们唯颂科技XYZONE今天正式更名为：微机分WekiHome\n放心，我们没有出任何事，人还那波人。\n这次更名是经过深思熟虑后的选择。\n感谢大家一路的支持！\n\n官方微博「微机分WekiHome」、官方微信「微机分WekiHome」',213000,549,0,'https://yt3.ggpht.com/61OP1SN04A8ZrsN40OP6gn9U4cnUDq9OeASTfD5mlXd9_Iv4zwjPwuMM9HDqDwvgHTBZpXXpwg=s88-c-k-c0x00ffffff-no-rj','2018-02-27 03:28:21',10),(164,1,'落九川','https://www.youtube.com/channel/UCDL9UNQINrE8uq8NSJ7TMMA','UCDL9UNQINrE8uq8NSJ7TMMA',NULL,'2026-04-04 08:51:43','2026-04-04 16:51:43','一个笑blue齿的女孩纸\n',18000,40,0,'https://yt3.ggpht.com/E8qkPtsYUTHoEM_sOC_aWlJkzOFD0-uq0FUumJK3xkPSw-3hajDS-Hjl5Y9O5EQOj4n6t-Wypg=s88-c-k-c0x00ffffff-no-rj','2017-06-29 11:39:51',28);
/*!40000 ALTER TABLE `channels` ENABLE KEYS */;
UNLOCK TABLES;

--
-- Table structure for table `payment_orders`
--

DROP TABLE IF EXISTS `payment_orders`;
/*!40101 SET @saved_cs_client     = @@character_set_client */;
/*!50503 SET character_set_client = utf8mb4 */;
CREATE TABLE `payment_orders` (
  `id` int unsigned NOT NULL AUTO_INCREMENT,
  `user_id` int unsigned NOT NULL,
  `merchant_order_no` varchar(30) CHARACTER SET utf8mb4 COLLATE utf8mb4_unicode_ci NOT NULL,
  `amt` int unsigned NOT NULL COMMENT '金額 TWD 整數',
  `status` enum('pending','paid','failed') CHARACTER SET utf8mb4 COLLATE utf8mb4_unicode_ci NOT NULL DEFAULT 'pending',
  `scheme` varchar(16) CHARACTER SET utf8mb4 COLLATE utf8mb4_unicode_ci NOT NULL DEFAULT 'mpg' COMMENT 'mpg=一次付清 ndnp=定期定額',
  `created_at` timestamp NOT NULL DEFAULT CURRENT_TIMESTAMP,
  `updated_at` timestamp NOT NULL DEFAULT CURRENT_TIMESTAMP ON UPDATE CURRENT_TIMESTAMP,
  PRIMARY KEY (`id`),
  UNIQUE KEY `uq_payment_merchant_order` (`merchant_order_no`),
  KEY `idx_payment_user` (`user_id`),
  CONSTRAINT `fk_payment_orders_user` FOREIGN KEY (`user_id`) REFERENCES `users` (`id`) ON DELETE CASCADE
) ENGINE=InnoDB AUTO_INCREMENT=23 DEFAULT CHARSET=utf8mb4 COLLATE=utf8mb4_unicode_ci;
/*!40101 SET character_set_client = @saved_cs_client */;

--
-- Dumping data for table `payment_orders`
--

LOCK TABLES `payment_orders` WRITE;
/*!40000 ALTER TABLE `payment_orders` DISABLE KEYS */;
INSERT INTO `payment_orders` VALUES (10,1,'p1_260329093425_f50980e5',29,'pending','mpg','2026-03-29 09:34:25','2026-03-29 09:34:25'),(11,1,'p1_260329093659_0a67db60',29,'pending','mpg','2026-03-29 09:36:59','2026-03-29 09:36:59'),(12,1,'p1_260329142647_434e6b92',29,'pending','mpg','2026-03-29 14:26:47','2026-03-29 14:26:47'),(13,1,'p1_260329143127_5ff80dfb',29,'pending','mpg','2026-03-29 14:31:27','2026-03-29 14:31:27'),(14,1,'p1_260329143337_8a4f2eef',29,'pending','mpg','2026-03-29 14:33:37','2026-03-29 14:33:37'),(15,1,'p1_260404093728_3bac20b8',29,'pending','mpg','2026-04-04 09:37:28','2026-04-04 09:37:28'),(16,1,'p1_260404122724_8484cb38',29,'pending','mpg','2026-04-04 12:27:24','2026-04-04 12:27:24'),(17,1,'p1_260404123750_9496d751',29,'pending','mpg','2026-04-04 12:37:50','2026-04-04 12:37:50'),(18,1,'p1_260404131756_a4437722',29,'pending','mpg','2026-04-04 13:17:56','2026-04-04 13:17:56'),(19,1,'9d5fe8975cf51dfba6c7',29,'pending','mpg','2026-04-04 13:22:52','2026-04-04 13:22:52'),(20,1,'319abd59de54393b843c',29,'pending','mpg','2026-04-04 13:22:59','2026-04-04 13:22:59'),(21,1,'p1_260404132411_2ae9737e',29,'pending','mpg','2026-04-04 13:24:11','2026-04-04 13:24:11'),(22,1,'p1_260405030002_a062c4a4',29,'pending','mpg','2026-04-05 03:00:02','2026-04-05 03:00:02');
/*!40000 ALTER TABLE `payment_orders` ENABLE KEYS */;
UNLOCK TABLES;

--
-- Table structure for table `subscription_plans`
--

DROP TABLE IF EXISTS `subscription_plans`;
/*!40101 SET @saved_cs_client     = @@character_set_client */;
/*!50503 SET character_set_client = utf8mb4 */;
CREATE TABLE `subscription_plans` (
  `id` int unsigned NOT NULL AUTO_INCREMENT,
  `name` varchar(100) CHARACTER SET utf8mb4 COLLATE utf8mb4_unicode_ci NOT NULL,
  `slug` varchar(64) CHARACTER SET utf8mb4 COLLATE utf8mb4_unicode_ci NOT NULL,
  `price_cents` int NOT NULL DEFAULT '0',
  `currency` char(3) CHARACTER SET utf8mb4 COLLATE utf8mb4_unicode_ci NOT NULL DEFAULT 'TWD',
  `billing_interval` enum('free','month','year') CHARACTER SET utf8mb4 COLLATE utf8mb4_unicode_ci NOT NULL DEFAULT 'free',
  `is_active` tinyint(1) NOT NULL DEFAULT '1',
  `sort_order` int NOT NULL DEFAULT '0',
  `ndnp_period_type` char(1) CHARACTER SET utf8mb4 COLLATE utf8mb4_unicode_ci NOT NULL DEFAULT 'M' COMMENT 'D/W/M/Y',
  `ndnp_period_point` tinyint unsigned NOT NULL DEFAULT '1' COMMENT 'M:每月幾號扣款',
  `ndnp_period_times` smallint unsigned NOT NULL DEFAULT '99' COMMENT '總授權期數',
  `ndnp_first_charge_delay_days` smallint unsigned NOT NULL DEFAULT '3' COMMENT '首次扣款：建立訂單日後幾天',
  `quota_max_channels` int unsigned NOT NULL DEFAULT '0' COMMENT '可訂閱頻道數上限',
  `quota_max_videos_per_list` int unsigned NOT NULL DEFAULT '0' COMMENT '待看／已看單邊清單筆數上限',
  `created_at` timestamp NOT NULL DEFAULT CURRENT_TIMESTAMP,
  PRIMARY KEY (`id`),
  UNIQUE KEY `uq_subscription_plans_slug` (`slug`)
) ENGINE=InnoDB AUTO_INCREMENT=3 DEFAULT CHARSET=utf8mb4 COLLATE=utf8mb4_unicode_ci;
/*!40101 SET character_set_client = @saved_cs_client */;

--
-- Dumping data for table `subscription_plans`
--

LOCK TABLES `subscription_plans` WRITE;
/*!40000 ALTER TABLE `subscription_plans` DISABLE KEYS */;
INSERT INTO `subscription_plans` VALUES (1,'免費','free',0,'TWD','free',1,0,'M',1,99,3,50,500,'2026-03-29 05:26:24'),(2,'Go','go',2900,'TWD','month',1,1,'M',1,99,3,200,2000,'2026-03-29 06:24:02');
/*!40000 ALTER TABLE `subscription_plans` ENABLE KEYS */;
UNLOCK TABLES;

--
-- Table structure for table `subscriptions`
--

DROP TABLE IF EXISTS `subscriptions`;
/*!40101 SET @saved_cs_client     = @@character_set_client */;
/*!50503 SET character_set_client = utf8mb4 */;
CREATE TABLE `subscriptions` (
  `id` int unsigned NOT NULL AUTO_INCREMENT,
  `user_id` int unsigned NOT NULL,
  `plan_id` int unsigned NOT NULL,
  `status` enum('trialing','active','past_due','canceled','expired') CHARACTER SET utf8mb4 COLLATE utf8mb4_unicode_ci NOT NULL DEFAULT 'active',
  `current_period_start` datetime DEFAULT NULL,
  `current_period_end` datetime DEFAULT NULL,
  `cancel_at_period_end` tinyint(1) NOT NULL DEFAULT '0',
  `external_subscription_id` varchar(255) CHARACTER SET utf8mb4 COLLATE utf8mb4_unicode_ci DEFAULT NULL,
  `created_at` timestamp NOT NULL DEFAULT CURRENT_TIMESTAMP,
  `updated_at` timestamp NOT NULL DEFAULT CURRENT_TIMESTAMP ON UPDATE CURRENT_TIMESTAMP,
  PRIMARY KEY (`id`),
  KEY `idx_subscriptions_user` (`user_id`),
  KEY `idx_subscriptions_plan` (`plan_id`),
  CONSTRAINT `fk_subscriptions_plan` FOREIGN KEY (`plan_id`) REFERENCES `subscription_plans` (`id`),
  CONSTRAINT `fk_subscriptions_user` FOREIGN KEY (`user_id`) REFERENCES `users` (`id`) ON DELETE CASCADE
) ENGINE=InnoDB AUTO_INCREMENT=8 DEFAULT CHARSET=utf8mb4 COLLATE=utf8mb4_unicode_ci;
/*!40101 SET character_set_client = @saved_cs_client */;

--
-- Dumping data for table `subscriptions`
--

LOCK TABLES `subscriptions` WRITE;
/*!40000 ALTER TABLE `subscriptions` DISABLE KEYS */;
INSERT INTO `subscriptions` VALUES (1,1,1,'active',NULL,NULL,0,NULL,'2026-03-29 05:26:24','2026-03-29 05:26:24'),(3,2,1,'active',NULL,NULL,0,NULL,'2026-03-29 14:29:22','2026-03-29 14:29:22'),(7,6,1,'active',NULL,NULL,0,NULL,'2026-04-05 02:46:51','2026-04-05 02:46:51');
/*!40000 ALTER TABLE `subscriptions` ENABLE KEYS */;
UNLOCK TABLES;

--
-- Table structure for table `users`
--

DROP TABLE IF EXISTS `users`;
/*!40101 SET @saved_cs_client     = @@character_set_client */;
/*!50503 SET character_set_client = utf8mb4 */;
CREATE TABLE `users` (
  `id` int unsigned NOT NULL AUTO_INCREMENT,
  `email` varchar(255) CHARACTER SET utf8mb4 COLLATE utf8mb4_unicode_ci NOT NULL,
  `password_hash` varchar(255) CHARACTER SET utf8mb4 COLLATE utf8mb4_unicode_ci NOT NULL,
  `password_reset_last_sent_at` datetime DEFAULT NULL,
  `name` varchar(191) CHARACTER SET utf8mb4 COLLATE utf8mb4_unicode_ci NOT NULL DEFAULT '',
  `gender` varchar(16) CHARACTER SET utf8mb4 COLLATE utf8mb4_unicode_ci DEFAULT NULL COMMENT 'm / f / other / 留空',
  `dash_auto_load` tinyint(1) NOT NULL DEFAULT '1' COMMENT '首頁捲動自動載入 1=開 0=關',
  `fetch_max_age_days` smallint unsigned NOT NULL DEFAULT '7' COMMENT 'RSS 只處理最近幾天內發布的影片',
  `fetch_max_per_channel` smallint unsigned NOT NULL DEFAULT '1' COMMENT '每頻道每次執行最多新增幾支',
  `ui_theme` varchar(10) CHARACTER SET utf8mb4 COLLATE utf8mb4_unicode_ci NOT NULL DEFAULT 'light' COMMENT '外觀模式 light/dark',
  `email_verified_at` datetime DEFAULT NULL,
  `email_verification_token` varchar(64) CHARACTER SET utf8mb4 COLLATE utf8mb4_unicode_ci DEFAULT NULL,
  `email_verification_expires_at` datetime DEFAULT NULL,
  `email_verify_token_hash` varchar(64) CHARACTER SET utf8mb4 COLLATE utf8mb4_unicode_ci DEFAULT NULL,
  `email_verify_expires_at` datetime DEFAULT NULL,
  `created_at` timestamp NOT NULL DEFAULT CURRENT_TIMESTAMP,
  `updated_at` timestamp NOT NULL DEFAULT CURRENT_TIMESTAMP ON UPDATE CURRENT_TIMESTAMP,
  PRIMARY KEY (`id`),
  UNIQUE KEY `uq_users_email` (`email`),
  UNIQUE KEY `uq_users_email_verification_token` (`email_verification_token`),
  KEY `idx_users_email_verify_expires_at` (`email_verify_expires_at`)
) ENGINE=InnoDB AUTO_INCREMENT=7 DEFAULT CHARSET=utf8mb4 COLLATE=utf8mb4_unicode_ci;
/*!40101 SET character_set_client = @saved_cs_client */;

--
-- Dumping data for table `users`
--

LOCK TABLES `users` WRITE;
/*!40000 ALTER TABLE `users` DISABLE KEYS */;
INSERT INTO `users` VALUES (1,'owner@youtube-tracker.local','$2y$10$5uT5zVbO/98QfOIGYaJPlejcwWIkvOQOT6XTZbkTOHv6E1woLmNaa',NULL,'John',NULL,1,3,1,'dark','2026-03-29 13:26:24',NULL,NULL,NULL,NULL,'2026-03-29 05:26:24','2026-04-07 13:07:29'),(2,'test@gmail.com','$2y$10$Rsuyl3VFj/vkWjbj/gdA6eVC1xhqfS0MnltuRryXk4PmsrUe2yi3C',NULL,'Maxime','m',1,7,1,'light','2026-03-29 22:29:22',NULL,NULL,NULL,NULL,'2026-03-29 14:29:22','2026-04-05 09:47:42'),(6,'johnwang7979@gmail.com','$2y$10$wAMa9NwhTYLY5DuS59EKVu5GINFT5ID66uGgPggvdmmMN8CiuOaMu',NULL,'JJJ',NULL,1,7,1,'dark','2026-04-05 10:46:51',NULL,NULL,NULL,NULL,'2026-04-05 02:46:51','2026-04-07 13:09:13');
/*!40000 ALTER TABLE `users` ENABLE KEYS */;
UNLOCK TABLES;

--
-- Table structure for table `videos`
--

DROP TABLE IF EXISTS `videos`;
/*!40101 SET @saved_cs_client     = @@character_set_client */;
/*!50503 SET character_set_client = utf8mb4 */;
CREATE TABLE `videos` (
  `id` int NOT NULL AUTO_INCREMENT,
  `user_id` int unsigned NOT NULL,
  `title` varchar(255) NOT NULL,
  `youtube_url` varchar(255) NOT NULL,
  `summary` text,
  `is_watched` tinyint(1) DEFAULT '0',
  `watched_at` datetime DEFAULT NULL,
  `added_at` datetime NOT NULL DEFAULT CURRENT_TIMESTAMP,
  `published_at` datetime DEFAULT NULL,
  `view_count` int DEFAULT '0',
  `like_count` int DEFAULT '0',
  `comment_count` int DEFAULT '0',
  `thumbnail_url` varchar(255) DEFAULT NULL,
  `channel_name` varchar(255) DEFAULT NULL,
  `duration` varchar(20) DEFAULT NULL,
  `location` varchar(255) DEFAULT NULL,
  PRIMARY KEY (`id`),
  UNIQUE KEY `uq_videos_user_youtube` (`user_id`,`youtube_url`(191)),
  KEY `idx_videos_user` (`user_id`),
  CONSTRAINT `fk_videos_user` FOREIGN KEY (`user_id`) REFERENCES `users` (`id`) ON DELETE CASCADE
) ENGINE=InnoDB AUTO_INCREMENT=4476 DEFAULT CHARSET=utf8mb4 COLLATE=utf8mb4_0900_ai_ci;
/*!40101 SET character_set_client = @saved_cs_client */;

--
-- Dumping data for table `videos`
--

LOCK TABLES `videos` WRITE;
/*!40000 ALTER TABLE `videos` DISABLE KEYS */;
INSERT INTO `videos` VALUES (27,1,'旷野的召唤，从四川到新疆，十天跨越3000km，大件运输全过程 #超级工程制造 #中国风光','https://www.youtube.com/watch?v=sAu-ntl9rbk','這段影片記錄了從四川到新疆的旷野之旅，十天跨越3000公里，展示了大件運輸的全過程。這是一個關於超級工程制造和中國風光的故事。',1,NULL,'2025-06-20 10:27:14','2025-05-13 19:33:12',86216,1459,149,'https://i.ytimg.com/vi/sAu-ntl9rbk/default.jpg','豪 - 中华镖师','PT13M59S',NULL),(30,1,'我来到孟加拉富人区 高墙隔绝 随处是安保人员 维森来了','https://www.youtube.com/watch?v=2Izu0pzITwU','影片主要描述作者來到孟加拉富人區，這裡高牆隔絕且隨處可見安保人員，並介紹了一位名為維森的人物。',1,NULL,'2025-06-21 10:59:07','2025-06-20 18:00:04',9199,256,16,'https://i.ytimg.com/vi/2Izu0pzITwU/default.jpg','维森来了Wilson','PT10M45S',NULL),(31,1,'開了22年的數碼店，終於搬遷完成了！','https://www.youtube.com/watch?v=h_v-T09RO9o','這段影片講述一間已經經營了22年的數碼店，終於搬遷完成的故事。',1,NULL,'2025-06-21 10:59:16','2022-06-23 19:00:02',551046,16975,1637,'https://i.ytimg.com/vi/h_v-T09RO9o/default.jpg','老孫聊遊戲','PT12M57S',NULL),(32,1,'到中国烤肉之都旅游！东北人吃烤肉这么野？这里就是加大版的世界！','https://www.youtube.com/watch?v=BrkkMbkr0qM','這段影片介紹了前往中國烤肉之都旅遊的經歷，展示了東北人食用烤肉的方式和風格，並形容這裡就像是世界的加大版。',1,NULL,'2025-06-21 10:59:20','2025-06-20 16:00:11',10326,416,17,'https://i.ytimg.com/vi/BrkkMbkr0qM/default.jpg','十三要和拳头','PT10M37S',NULL),(79,1,'【免費】我自己做了一款APP！iOS 26這樣設置超炸｜大耳朵TV','https://www.youtube.com/watch?v=hZLi_0P7gfQ','',1,'2025-06-24 17:44:03','2025-06-21 11:43:40','2025-06-20 17:20:13',23470,754,84,'https://i.ytimg.com/vi/hZLi_0P7gfQ/default.jpg','大耳朵TV','444',NULL),(98,1,'一口气了解稳定币是咋回事？','https://www.youtube.com/watch?v=Z-LpKv5QsWE','這段影片將解釋什麼是穩定幣。',1,'2025-06-21 12:39:28','2025-06-21 12:39:28','2025-05-30 12:10:25',96933,2162,109,'https://i.ytimg.com/vi/Z-LpKv5QsWE/default.jpg','苏涵Susuhan','PT7M10S',NULL),(101,1,'拒絕美國回歸台灣！年僅19歲的天才後衛賀博是否有機會成為下一個林書豪？已經成為台北隊內得分王、打法完全適應NBA，或將參加2026年選秀｜澤北SG','https://www.youtube.com/watch?v=911ksM_TETU','',1,'2025-06-21 20:58:49','2025-06-21 20:55:46','2025-06-21 19:00:17',7453,310,44,'https://i.ytimg.com/vi/911ksM_TETU/default.jpg','澤北SG','606',NULL),(103,1,'女人一樣開大船！台北女引水指揮巨輪“蛇形走位”，吹攏風離碼頭！','https://www.youtube.com/watch?v=KyHbfySWQxQ','',1,'2025-06-24 17:43:38','2025-06-21 20:55:46','2025-06-20 19:00:41',74718,2762,178,'https://i.ytimg.com/vi/KyHbfySWQxQ/default.jpg','李船長筆記','890',NULL),(105,1,'【新車試駕】2025 Kia EV6 增程版 ｜科技再升級，改款再進化！【7Car小七車觀點】','https://www.youtube.com/watch?v=Iy80qYFBnzA','',1,'2025-06-21 20:58:57','2025-06-21 20:55:51','2025-06-20 18:00:25',2478,51,8,'https://i.ytimg.com/vi/Iy80qYFBnzA/default.jpg','7Car小七車觀點','1233',NULL),(108,1,'開箱4｜美軍裝備竟然能買？開箱美國超狂倉庫｜US Army Surplus Store Real Tour','https://www.youtube.com/watch?v=tQGDz0-2OLo','這段影片主要內容是展示主持人開箱美國超狂倉庫中的美軍裝備，讓觀眾了解原來美軍裝備也能在市場上買到。',1,'2025-06-22 08:30:30','2025-06-22 08:30:30','2025-06-20 18:01:40',64823,2071,282,'https://i.ytimg.com/vi/tQGDz0-2OLo/default.jpg','Eric Stone Trucker','970',NULL),(109,1,'最GG的商務艙？日本航空JAL帶我穿越回80年代😭','https://www.youtube.com/watch?v=IlZ2_PgGY3w','這段影片探討日本航空JAL的商務艙服務，讓人感覺回到了80年代。',1,'2025-06-22 08:31:25','2025-06-22 08:31:25','2025-06-21 15:42:26',27225,366,15,'https://i.ytimg.com/vi/IlZ2_PgGY3w/default.jpg','Dumpling Soda','566',NULL),(112,1,'你喝的味全果汁背后竟有这样的故事！从水果小贩到台湾食品到建立起台湾食品帝国','https://www.youtube.com/watch?v=EVaJOsdPU4M','這段影片探討了味全果汁背後的故事，從水果小販開始，到建立起台灣食品帝國的過程。',1,'2025-06-22 18:01:33','2025-06-22 18:01:33','2025-06-20 13:38:34',123853,1398,206,'https://i.ytimg.com/vi/EVaJOsdPU4M/default.jpg','胖貓堂主','1035',NULL),(118,1,'朝鮮驚現巨型地畫 箭頭直指...今天視頻可能會被下架 | 1K圖解','https://www.youtube.com/watch?v=lHX3Svwii5A','',1,'2025-06-23 17:23:11','2025-06-23 10:11:52','2025-06-22 20:10:39',16892,701,61,'https://i.ytimg.com/vi/lHX3Svwii5A/default.jpg','1K圖解','1324',NULL),(119,1,'一只风力叶片，从内蒙古到西藏，全程3800km平均海拔4500米，运往世界屋脊的惊险全过程！！！#超级工程制造 #中国风光 #东方电气 #重器山河行','https://www.youtube.com/watch?v=44YCBqGw2N0&t=236s','这段影片展示了一只风力叶片从内蒙古到西藏全程3800km，平均海拔4500米的运输过程，向世界屋脊运送的惊险全过程。视频中展示了超级工程制造、中国风光、东方电气和重器山河行的特点。',1,'2025-06-23 15:11:35','2025-06-23 15:11:35','2025-05-15 19:38:27',210009,3085,855,'https://i.ytimg.com/vi/44YCBqGw2N0/default.jpg','豪 - 中华镖师','914',NULL),(120,1,'地下商業街一片漆黑，我送修的XBOX還能拿回來嗎','https://www.youtube.com/watch?v=XkfP57rX2Mc&t=697s','這段影片描述地下商業街突然停電，主角擔心自己送修的XBOX是否能順利拿回來。',1,'2025-06-23 15:11:42','2025-06-23 15:11:42','2025-01-10 19:26:37',399869,6430,569,'https://i.ytimg.com/vi/XkfP57rX2Mc/default.jpg','老孫聊遊戲','932',NULL),(121,1,'波斯情仇：伊朗为啥混得这么惨？','https://www.youtube.com/watch?v=Zw5m1CNKSgA&t=1622s','這段影片探討了伊朗為何處於困境的原因。',1,'2025-06-23 15:11:46','2025-06-23 15:11:46','2025-06-18 06:20:51',744937,13136,2723,'https://i.ytimg.com/vi/Zw5m1CNKSgA/default.jpg','二爷故事','2243',NULL),(122,1,'【新車介紹】Škoda Superb｜超越質感，平實售價【7Car小七車觀點】','https://www.youtube.com/watch?v=iUnQ7v2M9GA','',1,'2025-07-08 21:55:19','2025-06-23 15:18:50','2025-06-23 11:30:36',1031,24,7,'https://i.ytimg.com/vi/iUnQ7v2M9GA/default.jpg','7Car小七車觀點','299',NULL),(125,1,'完美表現拿下總冠軍！正處在巔峰期的Shai Gilgeous-Alexander是否真有機會開創王朝？個人進攻完全無解、單場12次助攻激活全隊，雷霆：隊史第一人｜澤北SG','https://www.youtube.com/watch?v=wzBg1T61awY','',1,'2025-06-23 22:44:43','2025-06-23 22:44:15','2025-06-23 19:42:01',18326,634,282,'https://i.ytimg.com/vi/wzBg1T61awY/default.jpg','澤北SG','644',NULL),(128,1,'開車去參加盱眙萬人龍蝦宴，阿偉還被邀請上電視了，出息了 #盱眙龍蝦節 #萬人龍蝦宴 #人間煙火 #自駕遊旅行vlog','https://www.youtube.com/watch?v=mrxEw6qxqEs','',1,'2025-06-24 17:56:40','2025-06-24 17:42:15','2025-06-24 16:14:19',303,37,1,'https://i.ytimg.com/vi/mrxEw6qxqEs/default.jpg','阿偉燕子旅行記','489',NULL),(132,1,'康是美2025必買好物！超級好用，這7款你一定要知道？！【77老大】','https://www.youtube.com/watch?v=LtqyqlmgUTc','',1,'2025-06-24 21:42:19','2025-06-24 21:40:15','2025-06-24 21:14:43',1278,72,6,'https://i.ytimg.com/vi/LtqyqlmgUTc/default.jpg','77老大','671',NULL),(133,1,'花費720k變美，我像個貴婦，他像個肉餅？','https://www.youtube.com/watch?v=SQKrLbA2Ets','',1,'2025-06-24 21:42:04','2025-06-24 21:40:18','2025-06-24 20:01:01',2845,85,11,'https://i.ytimg.com/vi/SQKrLbA2Ets/default.jpg','Dumpling Soda','1107',NULL),(135,1,'最後的奪冠機會！已經迫不及待開始在火箭訓練的Kevin Durant到底有多興奮？完全補強球隊體系、甚至願意降薪續約，主教練：100%支持｜澤北SG','https://www.youtube.com/watch?v=m1-BaSVF7Mg','',1,'2025-06-24 21:41:46','2025-06-24 21:40:20','2025-06-24 19:13:30',15363,415,41,'https://i.ytimg.com/vi/m1-BaSVF7Mg/default.jpg','澤北SG','628',NULL),(140,1,'【新車介紹】Range Rover Evoque P250 Dynamic SE 都會魅影版｜車系精簡，英式黑化【7Car小七車觀點】','https://www.youtube.com/watch?v=w5hD5h9_3rk','',1,'2025-07-11 17:58:10','2025-06-24 21:40:25','2025-06-24 18:01:26',710,29,2,'https://i.ytimg.com/vi/w5hD5h9_3rk/default.jpg','7Car小七車觀點','457',NULL),(169,1,'【特別企劃】VOLVO EX30 ULTRA｜北歐精品時尚小車！【7Car小七車觀點】','https://www.youtube.com/watch?v=pR_ZMacYSow','',1,'2025-07-11 18:04:11','2025-06-27 08:10:12','2025-06-25 18:01:30',17419,392,7,'https://i.ytimg.com/vi/pR_ZMacYSow/default.jpg','7Car小七車觀點','1644',NULL),(170,1,'全是套路？机油到底要多久才换- CD的硬核科普','https://www.youtube.com/watch?v=DevmOap0pOM&t=305s','這段影片探討了機油換油的頻率，解釋了換油的原則和時機。',1,'2025-06-27 15:15:00','2025-06-27 15:15:00','2025-06-21 02:09:34',100305,1843,347,'https://i.ytimg.com/vi/DevmOap0pOM/default.jpg','CD','1134',NULL),(171,1,'特朗普打算怎么干美联储? | 一口气了解美联储和白宫的世纪对抗','https://www.youtube.com/watch?v=OFmvWLBwDys&t=10s','這段影片將探討特朗普計劃如何影響美聯儲，並介紹白宮和美聯儲之間的對抗。',1,'2025-06-27 15:15:06','2025-06-27 15:15:06','2025-06-17 21:24:05',879151,17791,713,'https://i.ytimg.com/vi/OFmvWLBwDys/default.jpg','小Lin说','1529',NULL),(172,1,'他是杜蕾斯（Durex）技術的奠基者，還是有超能力的靈媒，通靈者？為何他會被官方從歷史中抹去？一個波蘭年輕人的突發奇想，一段杜蕾斯發展歷史中不為人知的故事。','https://www.youtube.com/watch?v=kTfLhk0KVJc&t=20s','這段影片探討了杜蕾斯技術的奠基者，以及他被官方抹去歷史的原因，同時揭示了杜蕾斯發展歷史中不為人知的故事。',1,'2025-06-27 15:15:12','2025-06-27 15:15:12','2024-10-09 19:46:12',10347,192,5,'https://i.ytimg.com/vi/kTfLhk0KVJc/default.jpg','胖貓堂主','848',NULL),(174,1,'Amatriciana - Chef Legend in Rome shares Pasta Recipe','https://www.youtube.com/watch?v=X6CI5oHdAtE','',1,'2025-07-07 12:51:50','2025-06-27 15:20:45','2025-06-26 13:21:39',36666,1214,70,'https://i.ytimg.com/vi/X6CI5oHdAtE/default.jpg','Aden Films','1103',NULL),(181,1,'日本啤酒百年大战到底谁赢了？麒麟 朝日 札幌 三得利 日本啤酒战国记','https://www.youtube.com/watch?v=8wmC5dqfugQ','',1,'2025-06-28 06:46:46','2025-06-28 06:45:51','2025-06-27 20:03:28',6529,164,13,'https://i.ytimg.com/vi/8wmC5dqfugQ/default.jpg','胖貓堂主','1280',NULL),(185,1,'看不懂的怪船頭！四條拖輪護航進港，為什麼拖輪力氣會這麼大？','https://www.youtube.com/watch?v=qDGYSW3neps','',1,'2025-07-18 19:00:30','2025-06-28 06:45:58','2025-06-27 19:01:39',25236,1038,88,'https://i.ytimg.com/vi/qDGYSW3neps/default.jpg','李船長筆記','492',NULL),(189,1,'【新車介紹】Kia Sportage Adventure Edition｜帶著質感去露營【7Car小七車觀點】','https://www.youtube.com/watch?v=uyt45HLTVLo','',1,'2025-07-14 14:43:07','2025-06-28 06:46:02','2025-06-27 18:01:40',4166,67,12,'https://i.ytimg.com/vi/uyt45HLTVLo/default.jpg','7Car小七車觀點','331',NULL),(191,1,'三巨頭解散危機？2人拒絕湖人續約！Reaves拒絕湖人4年8920萬續約！DFS試水自由市場！補強中鋒遭全聯盟針對！湖人徹底崩盤？','https://www.youtube.com/watch?v=SomO_JRBPyY','',1,'2025-06-29 20:09:27','2025-06-29 09:36:39','2025-06-28 18:00:42',8054,59,38,'https://i.ytimg.com/vi/SomO_JRBPyY/default.jpg','Lue有引力','621',NULL),(194,1,'移民8年，是时候和加拿大说再见了！','https://www.youtube.com/watch?v=BC7e-S_-dfo','',1,'2025-06-29 17:46:11','2025-06-29 09:36:44','2025-06-28 09:00:22',92291,1777,1021,'https://i.ytimg.com/vi/BC7e-S_-dfo/default.jpg','56BelowTV 零下56','2701',NULL),(196,1,'我来到日本大阪 他们都不说英语  保姆级攻略 维森来了','https://www.youtube.com/watch?v=Y3UnbZz_BEA','',1,'2025-06-29 09:37:13','2025-06-29 09:36:49','2025-06-28 18:00:51',12089,335,89,'https://i.ytimg.com/vi/Y3UnbZz_BEA/default.jpg','维森来了Wilson','663',NULL),(201,1,'Michelin Star Pasta in Paris - Gourmet Food in France','https://www.youtube.com/watch?v=eDaywHADY8A','',1,'2025-07-07 12:56:17','2025-06-29 19:58:52','2025-06-29 18:25:13',694,69,3,'https://i.ytimg.com/vi/eDaywHADY8A/default.jpg','Aden Films','1751',NULL),(204,1,'Google I/O 2025：搜索帝国的自我革命与AI翻身仗【线下探会】','https://www.youtube.com/watch?v=-85ZV63y9PI&t=179s','這段影片內容主要是關於2025年Google I/O大會，探討了Google在人工智慧領域的自我革命和AI的發展。',1,'2025-06-29 20:00:57','2025-06-29 20:00:57','2025-05-26 10:21:03',159149,2971,215,'https://i.ytimg.com/vi/-85ZV63y9PI/default.jpg','硅谷101','1305',NULL),(205,1,'全球面積第12大的國家，為何沙烏地82%的人都居住在這兩塊區域？#好奇羅盤 #地理趣聞 #地理','https://www.youtube.com/watch?v=vOv7ayViPEk','這段影片探討了全球面積第12大的國家，沙烏地阿拉伯，為何有82%的人口都居住在兩個特定區域的原因。透過好奇羅盤和地理趣聞的方式，解釋了這個現象背後的原因。',1,'2025-06-29 20:01:09','2025-06-29 20:01:09','2025-01-09 16:06:52',278472,1823,108,'https://i.ytimg.com/vi/vOv7ayViPEk/default.jpg','好奇羅盤','603',NULL),(207,1,'8-bit computer update','https://www.youtube.com/watch?v=HyznrdDSSGM','這段影片是關於8位元電腦的最新更新。',1,'2025-06-29 20:22:18','2025-06-29 20:22:18','2016-03-10 03:25:27',2524448,59685,1207,'https://i.ytimg.com/vi/HyznrdDSSGM/default.jpg','Ben Eater','413',NULL),(208,1,'A simple BIOS for my breadboard computer','https://www.youtube.com/watch?v=0q6Ujn_zNH8','這段影片介紹如何為自己的麵包板電腦建立一個簡單的BIOS。',1,'2025-06-29 20:22:33','2025-06-29 20:22:33','2024-01-07 23:01:26',395114,18475,475,'https://i.ytimg.com/vi/0q6Ujn_zNH8/default.jpg','Ben Eater','1313',NULL),(209,1,'The Homemade GameBoy! (Arduboy)','https://www.youtube.com/watch?v=yVzIvbx_vC0','這段影片介紹如何製作一台自製的遊戲機，名為Arduboy，外觀類似GameBoy。',1,'2025-06-29 20:35:29','2025-06-29 20:35:29','2018-08-05 16:25:21',71641,1570,61,'https://i.ytimg.com/vi/yVzIvbx_vC0/default.jpg','The Retro Future','425',NULL),(210,1,'Inside the cleanroom - How computer chips get made!','https://www.youtube.com/watch?v=aBDJQ9NYTEU&t=1s','這段影片將介紹在無塵室內製造電腦晶片的過程。',1,'2025-06-29 22:46:29','2025-06-29 22:46:29','2023-12-20 21:42:53',17921,691,75,'https://i.ytimg.com/vi/aBDJQ9NYTEU/default.jpg','Zero To ASIC Course','1030',NULL),(211,1,'放大20万倍，这是3纳米芯片最深层的秘密【玄戒O1解剖报告】','https://www.youtube.com/watch?v=Q9oJnTmpMg8','這段影片將放大20萬倍觀察3納米芯片的最深層秘密。',1,'2025-06-30 14:09:23','2025-06-30 14:09:23','2025-06-18 21:13:29',103832,3303,451,'https://i.ytimg.com/vi/Q9oJnTmpMg8/default.jpg','谈三圈','1177',NULL),(227,1,'狂走十萬步！跟189萬粉絲的柴犬徒步環島日本！走到哪睡到哪｜金魚腦Goldfish Brain Feat.JetFi mobile @KantarowalkaroundJapan','https://www.youtube.com/watch?v=yxsTKDMkz7A','',1,'2025-12-20 21:01:14','2025-07-02 10:14:06','2025-06-30 23:53:45',103627,3392,193,'https://i.ytimg.com/vi/yxsTKDMkz7A/default.jpg','金魚腦Goldfish Brain','2386',NULL),(235,1,'“這你不是才說過的嗎？？”“哦對對，但是這次有點不一樣~”','https://www.youtube.com/watch?v=tmskfvVbkc4','',1,'2025-08-10 08:49:38','2025-07-02 10:14:25','2025-07-01 19:15:17',19939,647,33,'https://i.ytimg.com/vi/tmskfvVbkc4/default.jpg','老孫聊遊戲','340',NULL),(238,1,'别骗人了！谁说熊野古道有腿就能走？和十年朋友去日本徒步，居然......','https://www.youtube.com/watch?v=qmKdffOymmA','這段影片講述和朋友一起去日本熊野古道徒步旅行的故事，並分享了在旅途中的驚險經歷。',1,'2025-07-02 10:14:57','2025-07-02 10:14:57','2025-06-30 00:57:56',5536,205,25,'https://i.ytimg.com/vi/qmKdffOymmA/default.jpg','索菲亚一斤半Sophia1.5','707',NULL),(244,1,'中国最东小城，唯一的两国一岛！隔江就是俄罗斯！凌晨3点日出！','https://www.youtube.com/watch?v=a8yPuMvFV4I','',1,'2025-07-03 11:08:07','2025-07-03 11:07:32','2025-07-02 20:00:01',11189,429,11,'https://i.ytimg.com/vi/a8yPuMvFV4I/default.jpg','十三要和拳头','800',NULL),(246,1,'【銷售數字】2025 年 6 月｜法系車的春天！ 改款 Model Y 大量到港 躍升進口車排名第一｜關稅議題看見曙光？ 現在是購車的好時機！【7Car小七車觀點】','https://www.youtube.com/watch?v=6EI26zHUDrk','',1,'2025-07-07 15:43:03','2025-07-03 11:07:34','2025-07-02 16:43:10',2813,56,18,'https://i.ytimg.com/vi/6EI26zHUDrk/default.jpg','7Car小七車觀點','1126',NULL),(247,1,'Mac mini 变 NAS','https://www.youtube.com/watch?v=LbDghxU7kbs','這段影片內容是關於將Mac mini轉變成網路附加儲存（NAS）的過程。',1,'2025-07-03 11:10:04','2025-07-03 11:10:04','2025-07-01 10:50:58',8359,209,27,'https://i.ytimg.com/vi/LbDghxU7kbs/default.jpg','黄杨ME','942',NULL),(250,1,'買房｜先漲1倍，再跌10%｜隨意畫','https://www.youtube.com/watch?v=4-NZYE-5zkc','',1,'2025-07-07 08:25:08','2025-07-04 15:33:29','2025-07-03 16:00:05',17393,340,141,'https://i.ytimg.com/vi/4-NZYE-5zkc/default.jpg','隨意畫','572',NULL),(251,1,'对中国人最友好的亚洲国家？马来西亚物价大揭秘，一天1000元花不完','https://www.youtube.com/watch?v=LmurHmEuiKU','',1,'2025-07-08 18:23:23','2025-07-04 15:33:35','2025-07-04 09:38:05',1803,65,25,'https://i.ytimg.com/vi/LmurHmEuiKU/default.jpg','20岁了还没去过星巴克','625',NULL),(256,1,'Aglio, Olio e Peperoncino - Chef in Tuscany shares Recipe','https://www.youtube.com/watch?v=QAOpE8B4xoI','',1,'2025-07-07 12:55:55','2025-07-05 15:36:04','2025-07-05 07:28:46',3979,200,17,'https://i.ytimg.com/vi/QAOpE8B4xoI/default.jpg','Aden Films','491',NULL),(260,1,'Vlog 14 | 🇺🇸川普要發幣救美國？台灣卡車司機橫跨美國揭真相｜Trump’s Crypto Plan EXPLAINED by Trucker on US Roadtrip','https://www.youtube.com/watch?v=dQg5_Mbnsp0','',1,'2025-07-08 18:35:28','2025-07-05 15:36:08','2025-07-04 18:01:15',13810,825,70,'https://i.ytimg.com/vi/dQg5_Mbnsp0/default.jpg','Eric Stone Trucker','1659',NULL),(262,1,'決定繼續挑戰NBA！未能得到灰熊續約的河村勇輝是否能在2025年夏季聯賽證明自己？訓練一個賽季進步驚人、更與國家隊隊友並肩作戰，楊瀚森：亞洲德比｜澤北SG','https://www.youtube.com/watch?v=fFIFMRpyRMY','',1,'2025-07-07 12:53:01','2025-07-05 15:36:10','2025-07-04 18:57:25',47560,547,140,'https://i.ytimg.com/vi/fFIFMRpyRMY/default.jpg','澤北SG','620',NULL),(263,1,'海上牛大廚狂炫手藝！揚言說隨便吃一直有！ 26塊錢一串的羊肉串！','https://www.youtube.com/watch?v=lmK7_HN2BWE','',1,'2025-07-05 15:37:14','2025-07-05 15:36:11','2025-07-04 19:01:23',40928,1528,132,'https://i.ytimg.com/vi/lmK7_HN2BWE/default.jpg','李船長筆記','529',NULL),(264,1,'我来到日本大阪 人们礼貌热情 大阪旅行保姆级攻略','https://www.youtube.com/watch?v=IJHd8wrXRdI','',1,'2025-07-05 16:48:39','2025-07-05 15:36:12','2025-07-04 18:30:10',13770,311,35,'https://i.ytimg.com/vi/IJHd8wrXRdI/default.jpg','维森来了Wilson','938',NULL),(266,1,'价值千万 370吨发电机定子 各路人马齐聚，完成共同的目标 #四川中江 #东方电气 #华荣大件运输','https://www.youtube.com/watch?v=u7BvKAcY7Xc','',1,'2025-07-06 13:43:06','2025-07-05 15:36:14','2025-07-04 22:01:36',6608,164,5,'https://i.ytimg.com/vi/u7BvKAcY7Xc/default.jpg','豪 - 中华镖师','915',NULL),(269,1,'看了這期視頻 你還敢坐波音787嗎|1K圖解','https://www.youtube.com/watch?v=7XTaTkZQveg','',1,'2025-07-05 18:44:22','2025-07-05 15:36:15','2025-07-04 18:44:44',4205,199,31,'https://i.ytimg.com/vi/7XTaTkZQveg/default.jpg','1K圖解','995',NULL),(270,1,'洗脫烘哪種好？冷凝、熱泵、分子篩一次比！礦石也能乾衣？','https://www.youtube.com/watch?v=Q05iAHguyUo','',1,'2025-07-06 13:39:23','2025-07-06 13:33:33','2025-07-05 21:00:48',668,69,10,'https://i.ytimg.com/vi/Q05iAHguyUo/default.jpg','AddMaker 加點製造','484',NULL),(275,1,'新加坡最怕輸的美食地圖！米其林雞飯PK肉骨茶！','https://www.youtube.com/watch?v=ZjHdVl6n4u8','',1,'2025-07-07 08:24:14','2025-07-07 08:23:38','2025-07-06 20:01:02',21731,402,29,'https://i.ytimg.com/vi/ZjHdVl6n4u8/default.jpg','Dumpling Soda','2130',NULL),(298,1,'爆吃¥30000！東京最豪爽海膽飯 vs 雞蛋吃到暈！','https://www.youtube.com/watch?v=axNNo4B-2c4','',1,'2025-07-11 20:57:05','2025-07-11 15:36:29','2025-07-10 20:30:04',23488,396,13,'https://i.ytimg.com/vi/axNNo4B-2c4/default.jpg','Dumpling Soda','1408',NULL),(302,1,'外送師的一生｜跑一趟3000元｜隨意畫','https://www.youtube.com/watch?v=XkKEtuGCxa0','',1,'2025-07-12 10:38:16','2025-07-12 10:07:47','2025-07-11 16:00:46',23331,436,64,'https://i.ytimg.com/vi/XkKEtuGCxa0/default.jpg','隨意畫','549',NULL),(308,1,'相隔700米！中俄两个城市差别很大！俄罗斯发展太快老百姓很幸福？','https://www.youtube.com/watch?v=3f05ctnuEaA','',1,'2025-07-14 14:43:27','2025-07-12 10:07:56','2025-07-11 20:00:06',9554,366,17,'https://i.ytimg.com/vi/3f05ctnuEaA/default.jpg','十三要和拳头','701',NULL),(309,1,'出发东京 我体验了新干线 进入东京大学 漫步歌舞一条街 维森来了','https://www.youtube.com/watch?v=BWPIYy07dCI','',1,'2025-07-14 14:43:24','2025-07-12 10:07:57','2025-07-11 18:30:11',11701,315,68,'https://i.ytimg.com/vi/BWPIYy07dCI/default.jpg','维森来了Wilson','864',NULL),(317,1,'花3分钟，把鸡尾酒冻起来！龙舌兰日出小棒冰，夏日解暑神器！','https://www.youtube.com/watch?v=u4qR5Ymuc4k','',1,'2025-07-14 16:30:12','2025-07-14 15:50:23','2025-07-13 22:10:19',1073,72,3,'https://i.ytimg.com/vi/u4qR5Ymuc4k/default.jpg','索菲亚一斤半Sophia1.5','188',NULL),(338,1,'冰酒是什么？为什么贵？人生必喝甜酒，入门推荐+避雷指南！','https://www.youtube.com/watch?v=JQMPTb7ep8k','',1,'2025-07-18 16:49:49','2025-07-18 08:45:15','2025-07-17 18:00:37',4139,162,21,'https://i.ytimg.com/vi/JQMPTb7ep8k/default.jpg','索菲亚一斤半Sophia1.5','447',NULL),(340,1,'原來是這樣的…第一次進牛郎店，大傻眼！花10萬找第一牛郎會發生什麼…','https://www.youtube.com/watch?v=UAcmMXfJ4F4','',1,'2025-07-18 19:00:01','2025-07-18 08:45:25','2025-07-17 20:01:01',14531,257,8,'https://i.ytimg.com/vi/UAcmMXfJ4F4/default.jpg','Dumpling Soda','1094',NULL),(341,1,'俄罗斯5线小城市小镇25岁女性的一天','https://www.youtube.com/watch?v=iYri_Q07VCU','',1,'2025-07-27 10:19:10','2025-07-18 08:45:26','2025-07-17 12:00:58',10940,246,97,'https://i.ytimg.com/vi/iYri_Q07VCU/default.jpg','20岁了还没去过星巴克','1316',NULL),(344,1,'外送師的一生｜完結｜工時長，薪水低｜隨意畫','https://www.youtube.com/watch?v=u7vaP_NZNkM','',1,'2025-07-18 18:59:56','2025-07-18 16:49:05','2025-07-18 16:01:17',1381,40,17,'https://i.ytimg.com/vi/u7vaP_NZNkM/default.jpg','隨意畫','661',NULL),(352,1,'開箱5｜從賣魚起家，打造北美最大亞洲超市！台灣媽媽的創業奇蹟 Unboxing Ep.5｜From Fishmonger to Asian Supermarket Empire','https://www.youtube.com/watch?v=nwHJUEdvTl4','',1,'2025-07-20 16:23:06','2025-07-19 08:39:01','2025-07-18 17:01:29',9937,794,78,'https://i.ytimg.com/vi/nwHJUEdvTl4/default.jpg','Eric Stone Trucker','914',NULL),(355,1,'东京全攻略 我遇见了女仆 完整路线分享 维森来了','https://www.youtube.com/watch?v=66m4Fur_KuI','',1,'2025-07-19 08:49:55','2025-07-19 08:39:06','2025-07-18 18:30:05',9145,303,40,'https://i.ytimg.com/vi/66m4Fur_KuI/default.jpg','维森来了Wilson','1022',NULL),(379,1,'把愛傳下去！贈送我10萬的車頂帳給需要的粉絲！黑老大3.0進化中','https://www.youtube.com/watch?v=IHfoi74HR2M','',1,'2025-07-27 09:27:12','2025-07-27 09:17:24','2025-07-21 20:00:08',17956,537,532,'https://i.ytimg.com/vi/IHfoi74HR2M/default.jpg','大海旅人','781',NULL),(399,1,'重大宣布！在雪山被求婚是一种什么感觉！！！爆哭！','https://www.youtube.com/watch?v=bU5jx9_2zYo','',1,'2025-07-27 09:44:52','2025-07-27 09:17:33','2025-07-22 20:19:56',1299,86,29,'https://i.ytimg.com/vi/bU5jx9_2zYo/default.jpg','瘦高男女Talkative','487',NULL),(402,1,'香港頂級女中介月租3萬獨居上海：我一切靠自己','https://www.youtube.com/watch?v=jPiLZHaPMWc','',1,'2025-08-03 08:34:27','2025-07-27 09:17:35','2025-07-20 16:01:00',55788,419,68,'https://i.ytimg.com/vi/jPiLZHaPMWc/default.jpg','Anson安森森','285',NULL),(403,1,'Inside the Precision Manufacturing: How COB LED Flex Strips Are Made','https://www.youtube.com/watch?v=KcGzVRfu9s8','',1,'2025-08-10 19:55:06','2025-07-27 09:17:37','2025-07-25 13:41:50',18915,508,24,'https://i.ytimg.com/vi/KcGzVRfu9s8/default.jpg','SatisFactory Process','590',NULL),(407,1,'Something\'s Off About This Painting...','https://www.youtube.com/watch?v=xZL9jpzLEdc','',1,'2025-08-10 19:55:43','2025-07-27 09:17:39','2025-07-26 21:18:20',16129,2366,178,'https://i.ytimg.com/vi/xZL9jpzLEdc/default.jpg','Art Deco','781',NULL),(410,1,'Production of 100,000 per day! Korean Popular Rice Wine Mass Production Factory','https://www.youtube.com/watch?v=JsoPqXPIrI0','',1,'2025-08-06 22:07:14','2025-07-27 09:17:45','2025-07-24 18:00:28',10948,400,11,'https://i.ytimg.com/vi/JsoPqXPIrI0/default.jpg','All process of world','820',NULL),(415,1,'約跑猴的一生｜來都來啦，知男而上｜隨意畫','https://www.youtube.com/watch?v=VgCkMyN8Qvs','',1,'2025-07-27 09:36:35','2025-07-27 09:17:51','2025-07-25 16:00:39',70600,930,108,'https://i.ytimg.com/vi/VgCkMyN8Qvs/default.jpg','隨意畫','637',NULL),(418,1,'你不知道的黑松故事！台湾饮料王者的崛起，在牛棚里起步，一瓶弹珠汽水撑起百年饮料帝国。','https://www.youtube.com/watch?v=TO63jPYMENE','',1,'2025-08-05 09:21:27','2025-07-27 09:17:53','2025-07-26 10:04:14',74799,1051,114,'https://i.ytimg.com/vi/TO63jPYMENE/default.jpg','胖貓堂主','1337',NULL),(425,1,'我要！吃光全世界最好吃的米！再飽都要吃！','https://www.youtube.com/watch?v=clk0jfvR1Ss','',1,'2025-07-30 09:50:49','2025-07-27 09:17:58','2025-07-24 20:01:11',46419,716,59,'https://i.ytimg.com/vi/clk0jfvR1Ss/default.jpg','Dumpling Soda','1257',NULL),(435,1,'我在天上拍富士山 体验日本五星航司 细节惊人  维森来了','https://www.youtube.com/watch?v=NFMMC6n5H_c','',1,'2025-07-27 09:37:04','2025-07-27 09:18:04','2025-07-25 18:30:15',35344,570,93,'https://i.ytimg.com/vi/NFMMC6n5H_c/default.jpg','维森来了Wilson','747',NULL),(476,1,'這個真的有好玩耶！又更刺激了！｜背包艇｜南澳','https://www.youtube.com/watch?v=KEooJZglAbQ','',1,'2025-07-30 09:51:00','2025-07-30 09:49:56','2025-07-28 20:00:07',58977,797,37,'https://i.ytimg.com/vi/KEooJZglAbQ/default.jpg','大海旅人','636',NULL),(485,1,'入住澳洲新家一年终于迎来一大波housewarming了！','https://www.youtube.com/watch?v=oO4aJrTd-Vw','',1,'2025-07-30 09:50:53','2025-07-30 09:50:02','2025-07-27 18:30:29',2545,70,13,'https://i.ytimg.com/vi/oO4aJrTd-Vw/default.jpg','瘦高男女Talkative','767',NULL),(490,1,'排队三小时！上海最火酒吧盘尼西林，到底好喝吗？| Penicillin Shanghai Bar Review','https://www.youtube.com/watch?v=SoCZso9FbR8','',1,'2025-07-30 09:51:24','2025-07-30 09:50:11','2025-07-27 23:07:11',4950,162,15,'https://i.ytimg.com/vi/SoCZso9FbR8/default.jpg','索菲亚一斤半Sophia1.5','473',NULL),(513,1,'台灣老公能接受這口味嗎❓我煮了三道河北家常菜給他試吃…【我們倆Ricky&Nina】','https://www.youtube.com/watch?v=rH4Z8TKDHD8','',1,'2025-07-31 10:07:36','2025-07-31 08:13:33','2025-07-25 20:01:40',86978,2330,121,'https://i.ytimg.com/vi/rH4Z8TKDHD8/default.jpg','我們倆Ricky&Nina','858',NULL),(546,1,'大西洋上只有300人的孤岛，却藏着地球最震撼的火山奇观松下！亚速尔群岛｜松下S1R2  ｜Linksphotograph','https://www.youtube.com/watch?v=1kCOblyiuxY','',1,'2025-08-03 08:25:08','2025-08-03 08:22:01','2025-07-31 18:32:56',115587,4046,233,'https://i.ytimg.com/vi/1kCOblyiuxY/default.jpg','Links TV','1375',NULL),(549,1,'熟齡夫妻的「4小時限定」宅家約會9件事🧡 ：哪有輸一張脫一件這種規定啦⁉️網友說不生小孩感情會變淡❓【我們倆Ricky&Nina】','https://www.youtube.com/watch?v=ln272NLzmvY','',1,'2025-08-03 08:23:18','2025-08-03 08:22:03','2025-08-01 20:01:33',32631,1150,74,'https://i.ytimg.com/vi/ln272NLzmvY/default.jpg','我們倆Ricky&Nina','641',NULL),(565,1,'種電猴的一生｜隨意畫','https://www.youtube.com/watch?v=rhLl4O-_QIQ','',1,'2025-08-04 18:54:31','2025-08-03 08:22:33','2025-08-01 16:00:58',15036,396,79,'https://i.ytimg.com/vi/rhLl4O-_QIQ/default.jpg','隨意畫','587',NULL),(566,1,'最環保吸管對決！塑膠沒墊底？真正的關鍵是...','https://www.youtube.com/watch?v=3kT7c_9J3-4','',1,'2025-08-11 18:21:11','2025-08-03 08:22:34','2025-08-02 21:00:12',1236,105,31,'https://i.ytimg.com/vi/3kT7c_9J3-4/default.jpg','AddMaker 加點製造','794',NULL),(567,1,'台湾商业史上最跌宕的故事，泰山食品帝国沉浮录，詹氏家族的崛起 内斗 与出局','https://www.youtube.com/watch?v=l52sPTX8rus','',1,'2025-08-03 08:39:46','2025-08-03 08:22:35','2025-08-02 09:48:30',41905,719,78,'https://i.ytimg.com/vi/l52sPTX8rus/default.jpg','胖貓堂主','1283',NULL),(570,1,'開箱6｜北美最省油肌肉卡車！21L/100km？Peterbilt 579！Unboxing the Most Fuel-Efficient Muscle Semi Truck in U.S.A.?!','https://www.youtube.com/watch?v=09HazyrcMTk','',1,'2025-08-04 18:36:47','2025-08-03 08:22:38','2025-08-01 18:00:03',21490,1354,206,'https://i.ytimg.com/vi/09HazyrcMTk/default.jpg','Eric Stone Trucker','1153',NULL),(575,1,'在日本一个月的感受 现在的日本经受了怎样的改变 维森来了','https://www.youtube.com/watch?v=3I1qqPZSs5A','',1,'2025-08-03 08:28:10','2025-08-03 08:22:43','2025-08-01 18:30:02',11818,363,135,'https://i.ytimg.com/vi/3I1qqPZSs5A/default.jpg','维森来了Wilson','374',NULL),(583,1,'流量是什麼我不知道，我只知道什麼是密碼！','https://www.youtube.com/watch?v=ItRdVpyNipw','',1,'2025-08-06 22:21:22','2025-08-04 15:58:09','2025-08-04 14:17:17',0,3,0,'https://i.ytimg.com/vi/ItRdVpyNipw/default.jpg','大海旅人',NULL,NULL),(619,1,'300余吨发电机定子运输过程。。。之路人视角【劳动最光荣】','https://www.youtube.com/watch?v=U5Nfgux6SxA','',1,'2025-08-10 08:41:03','2025-08-05 18:32:55','2025-08-05 18:01:39',0,0,0,'https://i.ytimg.com/vi/U5Nfgux6SxA/default.jpg','豪 - 中华镖师',NULL,NULL),(663,1,'去年才拼命修漏，今年剛入住又漏10處⁉️持續暴雨下的「新翻中古屋」漏水實況...【我們倆Ricky&Nina】','https://www.youtube.com/watch?v=9U0lKxG6w6I','',1,'2025-08-08 21:46:20','2025-08-08 21:03:36','2025-08-08 20:00:20',7278,363,30,'https://i.ytimg.com/vi/9U0lKxG6w6I/default.jpg','我們倆Ricky&Nina','1080',NULL),(668,1,'【尊】接下來72小時我只能撿路上的垃圾來吃...','https://www.youtube.com/watch?v=JBtlcq-lCYo','',1,'2025-08-21 18:34:00','2025-08-08 21:03:48','2025-08-08 18:00:37',59059,4732,414,'https://i.ytimg.com/vi/JBtlcq-lCYo/default.jpg','人生肥宅x尊','1205',NULL),(672,1,'工地的一生｜用最髒的手，賺最乾淨的錢｜隨意畫','https://www.youtube.com/watch?v=CXHh3IGFeXU','',1,'2025-08-08 21:16:55','2025-08-08 21:04:02','2025-08-08 16:00:18',14459,348,75,'https://i.ytimg.com/vi/CXHh3IGFeXU/default.jpg','隨意畫','606',NULL),(676,1,'距離那霸僅45分鐘。果凍色絕美海景的渡嘉敷島值得去嗎？#沖繩#那霸#渡嘉敷島#okinawa','https://www.youtube.com/watch?v=lHXNW1asXsA','',1,'2025-08-10 08:36:22','2025-08-08 21:15:22','2025-08-07 20:14:27',30143,1294,137,'https://i.ytimg.com/vi/lHXNW1asXsA/default.jpg','老宋CHANNEL','1339',NULL),(677,1,'【開箱海莉在福岡的家】2500萬日幣開蕊！真心話分享最滿足vs最不滿的地方（無任何房地產、無仲介業配，請安心服用）','https://www.youtube.com/watch?v=MhuA-We3YMI','',1,'2025-08-08 21:16:09','2025-08-08 21:15:22','2025-08-07 20:30:06',217745,3437,551,'https://i.ytimg.com/vi/MhuA-We3YMI/default.jpg','徐海莉 Hailey','1754',NULL),(681,1,'開箱我的高雄小窩！為什麼買高雄？12坪夠用嗎？4X萬輕裝修！35歲買房心得','https://www.youtube.com/watch?v=eAyStZ_APvU','',1,'2025-08-10 08:37:13','2025-08-10 08:35:01','2025-08-08 20:02:51',95722,1759,764,'https://i.ytimg.com/vi/eAyStZ_APvU/default.jpg','安娜馭房術','796',NULL),(682,1,'探秘全球最贵留学国家，留学生一天花400美元？每天吃什么？','https://www.youtube.com/watch?v=2aWtWTSRn2w','',1,'2025-08-10 08:51:51','2025-08-10 08:35:02','2025-08-09 09:00:04',82754,1704,238,'https://i.ytimg.com/vi/2aWtWTSRn2w/default.jpg','觅食Meetfood','647',NULL),(698,1,'哈根达斯的百年逆袭故事你知道吗？一个从贫民区到高端冰淇淋的品牌奇迹','https://www.youtube.com/watch?v=ETNr91cyxzg','',1,'2025-08-10 20:03:24','2025-08-10 08:35:39','2025-08-09 10:00:21',15933,292,19,'https://i.ytimg.com/vi/ETNr91cyxzg/default.jpg','胖貓堂主','679',NULL),(702,1,'日本的中国人多到离谱？东京这条街变成了中国的样子！','https://www.youtube.com/watch?v=TyCdVvqWtjM','',1,'2025-08-10 08:37:38','2025-08-10 08:35:47','2025-08-09 18:00:53',12062,339,25,'https://i.ytimg.com/vi/TyCdVvqWtjM/default.jpg','十三要和拳头','644',NULL),(726,1,'超近！烏來啵棒的玩水烤肉勝地！黃金水岸','https://www.youtube.com/watch?v=HiEZ8YBF6MI','',1,'2025-08-14 08:37:46','2025-08-11 18:20:11','2025-08-11 16:18:59',0,1,0,'https://i.ytimg.com/vi/HiEZ8YBF6MI/default.jpg','大海旅人',NULL,NULL),(785,1,'(上班被摸) 被帶去日本尋找快樂…體驗日本不可告人的特殊服務 | Experiencing “Forbidden” Services in Japan','https://www.youtube.com/watch?v=nkq2lpEMTQk','',1,'2025-08-19 20:23:08','2025-08-19 19:50:45','2025-08-17 21:01:22',281444,5917,330,'https://i.ytimg.com/vi/nkq2lpEMTQk/default.jpg','Torres Pit托哥','1608',NULL),(791,1,'【總價X萬，留言就抽】翻出13樣禮物看到賺到！完全不動手清空45坪大空間','https://www.youtube.com/watch?v=EgJjuvt9aKc','',1,'2025-08-21 18:34:05','2025-08-19 19:50:53','2025-08-14 20:30:06',62946,1187,2538,'https://i.ytimg.com/vi/EgJjuvt9aKc/default.jpg','徐海莉 Hailey','650',NULL),(797,1,'北极的极昼！我在格陵兰岛遇到了永不落下的太阳！links 4K HDR','https://www.youtube.com/watch?v=DnaXS89TbyQ','',1,'2025-09-01 12:06:42','2025-08-19 19:50:56','2025-08-14 19:04:56',108093,3605,214,'https://i.ytimg.com/vi/DnaXS89TbyQ/default.jpg','Links TV','2475',NULL),(807,1,'想犒賞自己卻不想荷包大失血❓高雄這3間私藏愛店讓我們回訪無數次‼️【我們倆Ricky&Nina】','https://www.youtube.com/watch?v=wFrlFHxZHmQ','',1,'2025-08-19 19:58:55','2025-08-19 19:51:00','2025-08-15 20:01:18',86626,1896,104,'https://i.ytimg.com/vi/wFrlFHxZHmQ/default.jpg','我們倆Ricky&Nina','856',NULL),(829,1,'皮卡露營玩家的最終樣式完成！這就是我的夢想打浪車','https://www.youtube.com/watch?v=us7zgVa-5tM','',1,'2025-08-20 20:13:21','2025-08-19 19:51:14','2025-08-18 20:00:07',15279,407,102,'https://i.ytimg.com/vi/us7zgVa-5tM/default.jpg','大海旅人','875',NULL),(847,1,'等了40天的海运软装终于到家啦！开箱看看我买了什么美丽的小废物！','https://www.youtube.com/watch?v=8cnodjQ8dmI','',1,'2025-08-20 16:56:23','2025-08-19 19:51:23','2025-08-16 18:30:10',1863,39,13,'https://i.ytimg.com/vi/8cnodjQ8dmI/default.jpg','瘦高男女Talkative','625',NULL),(853,1,'4天3夜跟着上海人游玩！不跟风，全程无踩雷！','https://www.youtube.com/watch?v=PQaCIjYGm74','',1,'2025-11-10 20:42:15','2025-08-19 19:51:30','2025-08-15 21:00:52',2952,43,5,'https://i.ytimg.com/vi/PQaCIjYGm74/default.jpg','Anjoe Koh','625',NULL),(860,1,'工地的一生｜完結｜用最髒的手，照顧最愛的家人｜隨意畫','https://www.youtube.com/watch?v=sFbsqCxUx1g','',1,'2025-08-19 20:23:52','2025-08-19 19:51:38','2025-08-15 16:01:03',82687,1051,168,'https://i.ytimg.com/vi/sFbsqCxUx1g/default.jpg','隨意畫','625',NULL),(863,1,'台湾第一瓶啤酒是如何诞生的？台湾啤酒又是如何称霸百年？这是一段被遗忘的传奇','https://www.youtube.com/watch?v=q3mxPbU9YB0','',1,'2025-08-21 18:22:55','2025-08-19 19:51:40','2025-08-16 10:00:57',71501,1297,202,'https://i.ytimg.com/vi/q3mxPbU9YB0/default.jpg','胖貓堂主','1064',NULL),(868,1,'做了勇敢的決定：一個人吃爆香港！🇭🇰','https://www.youtube.com/watch?v=1y0LF21iQzY','',1,'2025-08-19 19:58:22','2025-08-19 19:51:45','2025-08-14 20:00:05',105982,1795,92,'https://i.ytimg.com/vi/1y0LF21iQzY/default.jpg','Dumpling Soda','1840',NULL),(879,1,'我来到深圳 无人车机器人满街跑 这就是未来的城市吗 维森来了','https://www.youtube.com/watch?v=MFrJ8cWm8n0','',1,'2025-08-20 17:09:45','2025-08-19 19:51:50','2025-08-15 18:00:37',12380,285,49,'https://i.ytimg.com/vi/MFrJ8cWm8n0/default.jpg','维森来了Wilson','759',NULL),(958,1,'在俄罗斯里竟然包着一个中国村！俄罗斯族都说东北话！住这还发钱！','https://www.youtube.com/watch?v=xcPw2V9TVNw','',1,'2025-09-12 21:27:29','2025-08-23 09:51:09','2025-08-22 18:01:39',6120,206,18,'https://i.ytimg.com/vi/xcPw2V9TVNw/default.jpg','十三要和拳头','685',NULL),(985,1,'抽獎把衝浪板送粉絲！這就是傳說中的新手運嗎！','https://www.youtube.com/watch?v=20qJBarkjBg','',1,'2025-08-29 13:50:25','2025-08-25 16:21:53','2025-08-25 15:45:56',0,0,0,'https://i.ytimg.com/vi/20qJBarkjBg/default.jpg','大海旅人',NULL,NULL),(1006,1,'凄美地','https://www.youtube.com/watch?v=rICeREH5Vf4','',1,'2025-08-25 16:36:00','2025-08-25 16:34:46','2025-08-23 11:54:31',582,24,1,'https://i.ytimg.com/vi/rICeREH5Vf4/default.jpg','Hades Ng','317',NULL),(1007,1,'8天都爆哭，我到喜馬拉雅山找自己！一生要體驗一次【EBC聖母峰基地營】獨旅完全沒問題！','https://www.youtube.com/watch?v=RUoTvl-1n0E','',1,'2025-08-25 16:35:57','2025-08-25 16:34:46','2025-08-22 22:00:11',156537,3568,233,'https://i.ytimg.com/vi/RUoTvl-1n0E/default.jpg','烙野孩imyeahhi','2835',NULL),(1008,1,'我付錢體驗日本女生如何虐待男生…Hiring a Muscular Japanese Girl','https://www.youtube.com/watch?v=-C43lou-3Y0','',1,'2025-08-25 16:35:50','2025-08-25 16:34:47','2025-08-21 19:00:01',57516,1475,53,'https://i.ytimg.com/vi/-C43lou-3Y0/default.jpg','more torres pit','719',NULL),(1009,1,'「一千塊夜市系列」挑戰夜市打撞球！這次能贏得大獎嗎？','https://www.youtube.com/watch?v=1iAlkKXD_hI','',1,'2025-09-12 21:28:05','2025-08-29 13:46:31','2025-08-26 18:37:07',53301,671,58,'https://i.ytimg.com/vi/1iAlkKXD_hI/default.jpg','加珍珠&甘那迪','1482',NULL),(1042,1,'烤羊腿','https://www.youtube.com/watch?v=jwc45tdR0hQ','',1,'2025-11-09 15:23:49','2025-08-29 13:47:54','2025-08-26 02:59:33',52603,3018,248,'https://i.ytimg.com/vi/jwc45tdR0hQ/default.jpg','小高姐的 Magic Ingredients','313',NULL),(1067,1,'最美日本海島通船啦！石垣島4天3夜要多少錢！2025超值得去的海島行程！｜金魚腦 Goldfish Brain','https://www.youtube.com/watch?v=A9B64fS9aPE','',1,'2025-09-01 12:07:32','2025-08-29 13:48:18','2025-08-28 20:00:07',129665,3524,148,'https://i.ytimg.com/vi/A9B64fS9aPE/default.jpg','金魚腦Goldfish Brain','1444',NULL),(1088,1,'專業人士大叫救命! 在日本最強東京大學畢業年薪有多少??','https://www.youtube.com/watch?v=IUtLls6Immk','',1,'2025-09-01 12:06:24','2025-09-01 12:04:12','2025-08-31 20:00:36',38534,1058,105,'https://i.ytimg.com/vi/IUtLls6Immk/default.jpg','more torres pit','740',NULL),(1216,1,'是什麼味道？ Emirates 商務艙 vs 經濟艙，空氣也會不一樣嗎？','https://www.youtube.com/watch?v=gw7MrAvFqdc','',1,'2025-09-12 21:28:25','2025-09-05 10:05:45','2025-09-01 20:01:27',67390,731,20,'https://i.ytimg.com/vi/gw7MrAvFqdc/default.jpg','Dumpling Soda','1099',NULL),(1244,1,'【高雄】在地人的夜市，市場轉型新美食！老店新店融合，最適合吃宵夜的高雄蛋黃區～苓雅市場｜自強夜市','https://www.youtube.com/watch?v=60uYL9ZujlM','',1,'2025-09-08 18:46:09','2025-09-08 15:12:03','2025-09-06 19:00:11',27850,624,95,'https://i.ytimg.com/vi/60uYL9ZujlM/default.jpg','烙野孩imyeahhi','1182',NULL),(1281,1,'小众宝藏金酒推荐！五大风味，这十瓶99%的人都没喝过！','https://www.youtube.com/watch?v=8_zDKtNlB_8','',1,'2025-09-08 18:43:23','2025-09-08 15:12:44','2025-09-08 11:27:42',505,35,5,'https://i.ytimg.com/vi/8_zDKtNlB_8/default.jpg','索菲亚一斤半Sophia1.5','467',NULL),(1295,1,'住进日本贫民窟最差胶囊酒店！像棺材一样十分压抑！','https://www.youtube.com/watch?v=hlgh0B-AnaQ','',1,'2025-09-10 09:02:08','2025-09-08 15:13:02','2025-09-05 20:01:26',16913,590,67,'https://i.ytimg.com/vi/hlgh0B-AnaQ/default.jpg','十三要和拳头','731',NULL),(1296,1,'我来到老挝 东南亚最贫穷的国家 维森来了','https://www.youtube.com/watch?v=i1gMluxCBKI','',1,'2025-09-08 18:46:04','2025-09-08 15:13:02','2025-09-07 16:13:37',16760,388,50,'https://i.ytimg.com/vi/i1gMluxCBKI/default.jpg','维森来了Wilson','684',NULL),(1309,1,'Ngàn Năm Ánh Sáng (光年之外 Light Years Away) - Phùng Đề Mạc (冯提莫 Feng Timo)','https://www.youtube.com/watch?v=B-hEIbULNMQ','',1,'2025-09-12 21:26:09','2025-09-10 08:59:55','2025-09-09 21:00:20',791,142,27,'https://i.ytimg.com/vi/B-hEIbULNMQ/default.jpg','冯提莫 Feng Timo - Ni Tac','238',NULL),(1389,1,'没苦硬吃？10分钟带你走熊野古道精华路线，真的很好玩！','https://www.youtube.com/watch?v=QDjQ6dYnJGw','',1,'2025-09-12 21:25:55','2025-09-12 13:12:31','2025-09-11 19:00:46',883,40,4,'https://i.ytimg.com/vi/QDjQ6dYnJGw/default.jpg','索菲亚一斤半Sophia1.5','567',NULL),(1421,1,'北投文藝復興  磺港溪再造&重大開發','https://www.youtube.com/watch?v=FO5xs9KVHk4','',1,'2025-10-05 18:16:53','2025-09-23 08:14:25','2025-09-19 20:00:36',103159,2887,445,'https://i.ytimg.com/vi/FO5xs9KVHk4/default.jpg','出張王','579',NULL),(1499,1,'澳洲人工为什么这么高薪？深山老林里的工地现场开箱','https://www.youtube.com/watch?v=17W6vrI2pHw','',1,'2025-09-23 19:18:42','2025-09-23 08:15:11','2025-09-20 18:30:01',976,34,3,'https://i.ytimg.com/vi/17W6vrI2pHw/default.jpg','瘦高男女Talkative','626',NULL),(1509,1,'“固态电池”要量产了！？是锂电革命，还是一场大骗局？真相到底是什么？深度解读背后的技术细节','https://www.youtube.com/watch?v=HuQukyaymdE','',1,'2025-09-23 08:23:54','2025-09-23 08:15:28','2025-09-18 12:45:38',65049,1895,198,'https://i.ytimg.com/vi/HuQukyaymdE/default.jpg','白呀白Talk','1000',NULL),(1525,1,'我来到老挝万荣 刺激又危险的户外胜地 维森来了','https://www.youtube.com/watch?v=blE-tuny-AM','',1,'2025-09-23 08:16:58','2025-09-23 08:15:41','2025-09-19 18:01:20',48075,738,74,'https://i.ytimg.com/vi/blE-tuny-AM/default.jpg','维森来了Wilson','867',NULL),(1537,1,'【此生必吃】用澎湖空運4.7公斤老鼠斑招待宜蘭鄉親 | 要不要吃哈密瓜? ft.@Accusefive','https://www.youtube.com/watch?v=P9LV7vtf3pQ','',1,'2025-09-23 08:20:14','2025-09-23 08:19:19','2025-09-18 12:00:11',235401,6429,420,'https://i.ytimg.com/vi/P9LV7vtf3pQ/default.jpg','在家做生魚片 Making sashimi at home.','2009',NULL),(1665,1,'我和日本大学生一起探索老挝 他们出国太难 维森来了','https://www.youtube.com/watch?v=Q-_Ap7634mc','',1,'2025-10-05 18:13:00','2025-10-05 18:12:08','2025-10-03 17:58:46',25130,439,113,'https://i.ytimg.com/vi/Q-_Ap7634mc/default.jpg','维森来了Wilson','665',NULL),(1701,1,'開箱王嘉爾演唱會後台和慶功派對, 原來娛樂圈是這樣玩的 | Inside Jackson Wang Concert\'s After Party','https://www.youtube.com/watch?v=7L2jrhUUpXA','',1,'2025-10-22 20:04:06','2025-10-22 19:59:54','2025-10-16 20:00:13',118161,2251,88,'https://i.ytimg.com/vi/7L2jrhUUpXA/default.jpg','more torres pit','897',NULL),(1714,1,'全球最强飞机商务舱，空中套房！和经济舱区别多大？','https://www.youtube.com/watch?v=sMBYnXQX6YY','',1,'2025-10-22 20:04:47','2025-10-22 20:00:03','2025-10-18 09:01:05',162562,3782,113,'https://i.ytimg.com/vi/sMBYnXQX6YY/default.jpg','觅食Meetfood','498',NULL),(1796,1,'命運啊～ 要我留在最贵的城市！我吃不起！','https://www.youtube.com/watch?v=qLqcIdc8soU','',1,'2025-10-22 20:03:25','2025-10-22 20:01:00','2025-10-18 12:01:06',97178,1092,43,'https://i.ytimg.com/vi/qLqcIdc8soU/default.jpg','Dumpling Soda','1604',NULL),(1806,1,'我在日本当社畜，错过末班地铁是什么下场？','https://www.youtube.com/watch?v=9bYL0l8rti8','',1,'2025-10-22 20:03:57','2025-10-22 20:01:05','2025-10-18 19:49:36',47009,861,72,'https://i.ytimg.com/vi/9bYL0l8rti8/default.jpg','十三要和拳头','566',NULL),(1923,1,'東京24小時不睡覺，體驗被擠進電車、跟路上醉漢聊天、超震撼的地下偶像體驗｜金魚腦 Goldfish Brain feat.大研生醫、旅遊真台灣Patrick','https://www.youtube.com/watch?v=b9ZRxX-i7B8','',1,'2025-10-31 17:08:28','2025-10-31 17:05:52','2025-10-30 20:00:08',47781,1368,73,'https://i.ytimg.com/vi/b9ZRxX-i7B8/default.jpg','金魚腦Goldfish Brain','1704',NULL),(1941,1,'抢不到商務艙…第一次搭經濟艙飛16小時！先哭…','https://www.youtube.com/watch?v=8XeUKNT7eHc','',1,'2025-10-31 17:08:10','2025-10-31 17:06:07','2025-10-24 20:00:15',92069,957,42,'https://i.ytimg.com/vi/8XeUKNT7eHc/default.jpg','Dumpling Soda','1198',NULL),(1953,1,'一夜入冬下雪啦！去中国最北小城漠河追极光！睡房车感冒了这里太冷了！','https://www.youtube.com/watch?v=BgrJ_EJSdFc','',1,'2025-11-09 12:30:50','2025-10-31 17:06:13','2025-10-25 17:54:58',119558,1819,92,'https://i.ytimg.com/vi/BgrJ_EJSdFc/default.jpg','十三要和拳头','792',NULL),(2053,1,'床頭聊感情，兩人相處久了就沒新鮮感了嗎？｜糖果屋日常','https://www.youtube.com/watch?v=QVs9kbdCuW4','',1,'2025-11-09 21:04:43','2025-11-09 11:08:52','2025-11-05 20:00:07',29961,760,47,'https://i.ytimg.com/vi/QVs9kbdCuW4/default.jpg','大海旅人','774',NULL),(2068,1,'iPhone16掉雪山了还能找到吗？！Perisher滑雪今年最糟心的事','https://www.youtube.com/watch?v=HR0EJysAJcs','',1,'2025-11-09 12:29:39','2025-11-09 11:09:00','2025-11-08 17:30:08',230,14,0,'https://i.ytimg.com/vi/HR0EJysAJcs/default.jpg','瘦高男女Talkative','1192',NULL),(2079,1,'The SID: Classic 8-bit sound','https://www.youtube.com/watch?v=LSMQ3U1Thzw','',1,'2025-11-09 15:24:32','2025-11-09 11:09:11','2025-11-09 00:00:35',56817,5258,471,'https://i.ytimg.com/vi/LSMQ3U1Thzw/default.jpg','Ben Eater','2086',NULL),(2127,1,'2025世界排名第一的酒吧！香港Bar Leone排队三小时值不值？','https://www.youtube.com/watch?v=lc_rMwBRzcM','',1,'2025-11-09 21:03:55','2025-11-09 20:57:46','2025-11-09 11:34:43',1728,111,12,'https://i.ytimg.com/vi/lc_rMwBRzcM/default.jpg','索菲亚一斤半Sophia1.5','321',NULL),(2152,1,'決定公開了！私藏很久的吉隆坡美食地圖！❤️','https://www.youtube.com/watch?v=wuU_bDNoPGU','',1,'2025-11-10 20:52:08','2025-11-10 20:33:23','2025-11-10 20:01:58',1595,81,3,'https://i.ytimg.com/vi/wuU_bDNoPGU/default.jpg','Dumpling Soda','1603',NULL),(2298,1,'知識型YT大崩壞😱？蔡黑皮消失半年竟然在做這種事…','https://www.youtube.com/watch?v=VJer31LCttM','',1,'2025-12-21 21:18:19','2025-11-22 18:51:35','2025-11-21 17:45:03',5120,306,31,'https://i.ytimg.com/vi/VJer31LCttM/default.jpg','黑皮','934',NULL),(2383,1,'Lizz Chloe 彤彤 - Monday Blue 藍到爆 - （Official MV）','https://www.youtube.com/watch?v=KA8F6KsLYwM','',1,'2025-12-21 21:18:53','2025-11-22 18:52:33','2025-11-17 13:01:02',17017,653,65,'https://i.ytimg.com/vi/KA8F6KsLYwM/default.jpg','Dumpling Soda','199',NULL),(2505,1,'在澳洲有自己的房子有多幸福｜花园除草大作战｜IKEA采购地毯｜在家吃三文鱼大餐｜悉尼过33岁生日','https://www.youtube.com/watch?v=M9jKylLoRes','',1,'2025-12-21 21:17:06','2025-12-20 20:58:46','2025-12-19 17:30:26',3233,71,4,'https://i.ytimg.com/vi/M9jKylLoRes/default.jpg','瘦高男女Talkative','1009',NULL),(2511,1,'富國島🇻🇳Vlog／慶祝11週年住進絕美JW酒店／跨海纜車 煙火秀 跳島 海星沙灘','https://www.youtube.com/watch?v=eUCQJHJxjA0','',1,'2026-03-28 14:59:00','2025-12-20 20:58:52','2025-12-17 21:01:26',10011,0,7,'https://i.ytimg.com/vi/eUCQJHJxjA0/default.jpg','ANN妍安','849',NULL),(2650,1,'在新家第一次过万圣节遇到了一大波小孩要糖！家里新添置悬浮木｜参加了慢速垒球比赛','https://www.youtube.com/watch?v=kjugRd6WZfA','',1,'2026-01-19 18:53:14','2025-12-30 22:56:06','2025-12-26 17:30:35',930,40,0,'https://i.ytimg.com/vi/kjugRd6WZfA/default.jpg','瘦高男女Talkative','462',NULL),(2791,1,'大陆妹的第4次台南之旅｜回家的感觉，不再是游客行程，而是开启摩托车热浪美食探索｜第一次感受台湾的夏天','https://www.youtube.com/watch?v=fy8qbNVSySM','',1,'2026-01-19 18:52:57','2026-01-19 18:51:34','2026-01-15 21:20:00',2929,181,22,'https://i.ytimg.com/vi/fy8qbNVSySM/default.jpg','瘦高男女Talkative','727',NULL),(3106,1,'The TRUTH about Apples new MacBook Neo','https://www.youtube.com/watch?v=NueC1gwGQHs','這段影片將揭露蘋果新款MacBook Neo的真相。',1,'2026-03-19 11:58:11','2026-03-19 11:58:11','2026-03-18 03:04:34',790673,32141,1933,'https://i.ytimg.com/vi/NueC1gwGQHs/default.jpg','JerryRigEverything','555',NULL),(3108,1,'10分钟入门PCB电路设计！保姆级STM32最小系统板全流程！','https://www.youtube.com/watch?v=psbUOM0_E0o','',1,'2026-03-20 22:46:33','2026-03-20 22:06:23','2026-03-16 19:21:01',9885,345,28,'https://i.ytimg.com/vi/psbUOM0_E0o/default.jpg','零一造物','652',NULL),(3250,1,'【半小時學會n8n串接LINE】Reply & Push Message ｜n8n x LINE Messaging API #n8n #webhook #ngrok #自動化','https://www.youtube.com/watch?v=AsvzSM5Y614','這段影片教你如何在半小時內學會使用n8n串接LINE，包括Reply & Push Message的功能，使用n8n和LINE Messaging API進行串接，並介紹了相關的技術如webhook、ngrok和自動化。',1,'2026-03-21 23:55:35','2026-03-21 23:55:35','2025-05-26 20:30:11',10903,254,28,'https://i.ytimg.com/vi/AsvzSM5Y614/default.jpg','Code Me Maybe 碼上學','1713',NULL),(3251,1,'【n8n免費本地端部署】Mac版｜程式安裝x指令大補帖 #AI自動化','https://www.youtube.com/watch?v=d8fEmZsnqRk','這段影片內容是關於如何在Mac上免費部署n8n本地端，包括程式安裝和指令操作。這是AI自動化相關的教學內容。',1,'2026-03-22 00:10:28','2026-03-22 00:10:28','2025-03-12 20:00:06',5075,80,30,'https://i.ytimg.com/vi/d8fEmZsnqRk/default.jpg','Code Me Maybe 碼上學','172',NULL),(3313,1,'Obsidian新手教程Ⅰ：8个用法完全解析，一站式入门丨双向链接笔记软件 | Full Course for Beginners【二一的笔记】','https://www.youtube.com/watch?v=XeJ21baSV2g','這段影片是一個針對新手的Obsidian筆記軟件教程，完整解析了8個用法，讓觀眾一站式入門。',1,'2026-03-25 18:53:06','2026-03-25 18:53:06','2021-12-14 19:00:11',108258,2674,83,'https://i.ytimg.com/vi/XeJ21baSV2g/default.jpg','二一的笔记','549',NULL),(3314,1,'Notion 2022终极测评：16 个场景用法，打造全能知识库 | Full Course for Beginners【二一的笔记】','https://www.youtube.com/watch?v=4xnf0s4z4F0','這段影片是對Notion 2022的綜合評估，介紹了16個場景用法，幫助初學者打造全能知識庫。',1,'2026-03-25 20:17:07','2026-03-25 20:17:07','2022-06-30 18:45:00',120967,4817,152,'https://i.ytimg.com/vi/4xnf0s4z4F0/default.jpg','二一的笔记','987',NULL),(3315,1,'Notion 版 OpenClaw 来了！更好用的龙虾，Custom Agent 详尽测评','https://www.youtube.com/watch?v=VS9ci-etv_c','這段影片介紹了最新版本的Notion應用程式中的OpenClaw功能，使得龍蝦功能更加強大且更易使用。同時也詳細評估了Custom Agent功能。',1,'2026-03-25 20:49:59','2026-03-25 20:49:59','2026-03-22 20:06:22',823,14,1,'https://i.ytimg.com/vi/VS9ci-etv_c/default.jpg','二一的笔记','798',NULL),(3316,1,'Notion 史詩級更新：代理程式Custom Agents 基礎教學，徹底取代你的重複性工作','https://www.youtube.com/watch?v=VwIzIu18bjc','這段影片介紹了Notion 史詩級更新中的新功能Custom Agents，教學如何使用代理程式來自動化重複性工作，幫助提高工作效率。',1,'2026-03-25 21:04:23','2026-03-25 21:04:23','2026-02-25 19:30:18',8602,245,4,'https://i.ytimg.com/vi/VwIzIu18bjc/default.jpg','社畜倫森','1407',NULL),(3317,1,'40歲生日，我決定不再”努力“了','https://www.youtube.com/watch?v=jIsBkk73znI','這段影片訴說一個人在慶祝40歲生日時決定不再過度努力的故事。',1,'2026-03-26 17:55:40','2026-03-26 17:55:40','2026-03-25 19:50:59',28690,1125,148,'https://i.ytimg.com/vi/jIsBkk73znI/default.jpg','一口新飯','1173',NULL),(3318,1,'編程小白的我是如何用AI做出第一款應用的?','https://www.youtube.com/watch?v=aarPx3OK9ks&t=268s','這段影片描述了一位編程新手如何利用人工智慧製作出自己的第一款應用程式。',1,'2026-03-26 18:34:22','2026-03-26 18:34:22','2026-02-07 09:03:54',20693,433,43,'https://i.ytimg.com/vi/aarPx3OK9ks/default.jpg','一口新飯','631',NULL),(3319,1,'The Engineering that Runs the Digital World 🛠️⚙️💻 How do CPUs Work?','https://www.youtube.com/watch?v=16zrEPOsIcI','這段影片將探討如何運作的中央處理器（CPU）在數位世界中所扮演的工程角色。',1,'2026-03-26 18:34:56','2026-03-26 18:34:56','2025-11-16 00:49:32',2739418,47746,3736,'https://i.ytimg.com/vi/16zrEPOsIcI/default.jpg','Branch Education','2183',NULL),(3320,1,'Obsidian + DeepSeeK最强组合，永久免费AI知识库教程！10个插件5种用法【二一的笔记】','https://youtu.be/Ek8_k_jWyjo','這段影片介紹了使用Obsidian和DeepSeeK這兩種工具結合的方法，提供永久免費的AI知識庫教程。影片中包含了10個插件和5種用法，讓觀眾更了解如何有效地使用這兩種工具。',1,'2026-03-26 18:38:13','2026-03-26 18:38:13','2025-03-19 21:30:14',37424,913,59,'https://i.ytimg.com/vi/Ek8_k_jWyjo/default.jpg','二一的笔记','600',NULL),(3413,1,'用RM5000出了一趟fancy國。','https://www.youtube.com/watch?v=yl-FEKfocLI','',1,'2026-03-29 22:34:57','2026-03-28 16:26:46','2026-03-24 20:01:52',41988,484,102,'https://i.ytimg.com/vi/yl-FEKfocLI/default.jpg','Dumpling Soda','2169',NULL),(3419,1,'我来到重庆 已是一线城市？吃住玩保姆级攻略','https://www.youtube.com/watch?v=8K7fxCLIeOg','',1,'2026-03-31 20:15:48','2026-03-28 16:26:51','2026-03-27 18:00:00',15299,517,74,'https://i.ytimg.com/vi/8K7fxCLIeOg/default.jpg','维森来了Wilson','915',NULL),(3424,1,'大陆人感受台湾本地生活｜当我去了台南男朋友乡下的家里...','https://www.youtube.com/watch?v=D0BIwRJhnVo','這段影片內容是一位大陸人去台灣台南男朋友家鄉感受當地生活的故事。',1,'2026-03-29 10:33:01','2026-03-29 10:33:01','2026-03-28 17:30:06',29138,765,48,'https://i.ytimg.com/vi/D0BIwRJhnVo/default.jpg','瘦高男女Talkative','950',NULL),(3427,1,'【英偉達】華爾街一再看錯？真正的風險什麼時候出現？','https://www.youtube.com/watch?v=k6zekNHX1DA','',1,'2026-03-31 20:06:45','2026-03-29 11:10:11','2026-03-28 21:23:10',62,4,1,'https://i.ytimg.com/vi/k6zekNHX1DA/default.jpg','陈陈陈Clara','993',NULL),(3438,1,'杜拜奢華遊 Ep4 最終章｜ 棕櫚島經典豪華酒店 亞特蘭提斯｜酒店大廳可潛水😍免費任玩水族館+世上最大水上樂園 | Atlantis The Palm Dubai｜Lost Chambers','https://www.youtube.com/watch?v=SlfJAvkStZQ','',1,'2026-03-31 20:06:57','2026-03-29 11:10:40','2026-03-28 18:23:46',1562,72,12,'https://i.ytimg.com/vi/SlfJAvkStZQ/default.jpg','十分鐘去旅行 Travel with me in 10 minutes','960',NULL),(3442,1,'用了5年M1，終於換M5 Pro了｜一個創作者的開箱紀錄','https://www.youtube.com/watch?v=6b2vlGRacOY','這段影片是一位創作者分享他使用了5年的M1設備，最終決定升級到M5 Pro的開箱紀錄。',1,'2026-03-29 11:26:52','2026-03-29 11:26:52','2026-03-27 21:00:00',7699,180,52,'https://i.ytimg.com/vi/6b2vlGRacOY/default.jpg','藍諾Eleanor Jiang','944',NULL),(3443,1,'外商空服員薪水公開！一個月領過15萬？免費機票不限航點✈️【歡迎登機】｜Butterfly奶油飛','https://www.youtube.com/watch?v=o5ncuO14ZfM','這段影片公開了外商空服員的薪水情況，並探討是否可能一個月領過15萬，同時也分享了他們的福利待遇，如免費機票不限航點等。',1,'2026-03-29 14:13:00','2026-03-29 14:13:00','2026-03-15 23:26:51',91904,1517,131,'https://i.ytimg.com/vi/o5ncuO14ZfM/default.jpg','Butterfly奶油飛','504',NULL),(3444,1,'MacBook Neo / Air / Pro  怎麼選？4 台實測幫你想清楚｜彼得森','https://www.youtube.com/watch?v=Nhl23S_4zk0','這段影片主要是幫助觀眾了解如何在 MacBook Neo、MacBook Air 和 MacBook Pro 之間做出選擇，並透過實際測試來幫助大家做出明智的決定。',1,'2026-03-29 14:15:09','2026-03-29 14:15:09','2026-03-29 13:43:59',2030,186,118,'https://i.ytimg.com/vi/Nhl23S_4zk0/default.jpg','彼得森','724',NULL),(3445,1,'伊朗战争，和全球能源格局','https://www.youtube.com/watch?v=HeVuAKDtWX8&t=585s','這段影片將討論伊朗戰爭如何影響全球能源格局。',1,'2026-03-29 17:16:42','2026-03-29 17:16:42','2026-03-24 20:00:03',1141244,33400,1589,'https://i.ytimg.com/vi/HeVuAKDtWX8/default.jpg','小Lin说','1256',NULL),(3446,1,'台湾：一本名为青春的纪念册','https://www.youtube.com/watch?v=qK0TzyiVLzQ','這段影片探討了台灣年輕人的生活、文化和青春時光。',1,'2026-03-29 21:11:30','2026-03-29 21:11:30','2025-03-16 00:06:21',95649,6273,469,'https://i.ytimg.com/vi/qK0TzyiVLzQ/default.jpg','BBGthisway','1431',NULL),(3447,1,'在加州一号公路，踏出新年第一步！','https://www.youtube.com/watch?v=zCZ-BkAvIcY','',1,'2026-03-29 21:29:50','2026-03-29 21:14:57','2026-03-28 08:44:59',3206,171,10,'https://i.ytimg.com/vi/zCZ-BkAvIcY/default.jpg','BBGthisway','2276',NULL),(3454,1,'韓國最美的10個女明星！宋慧喬只排第8，金智秀排名第3，第一名堪稱“完美女神”，你最喜歡哪一個？|#世界之最top #世界之最 #環球之最 #腦洞大開 #top10 #韓國 #最美女明星','https://www.youtube.com/watch?v=XN2IAyGPk_o','',1,'2026-03-31 16:24:13','2026-03-29 21:15:10','2026-03-29 14:30:56',2529,107,16,'https://i.ytimg.com/vi/XN2IAyGPk_o/default.jpg','世界之最TOP','1867',NULL),(3464,1,'【停更真相】人生第一次 -20°C 飛無人機 🚁 頻道迎來大升級！ DJI Neo 2: My First Flight at -20°C!','https://www.youtube.com/watch?v=7g0kUrs-KqE','',1,'2026-03-31 16:23:57','2026-03-29 21:15:52','2026-03-29 15:00:04',3344,324,38,'https://i.ytimg.com/vi/7g0kUrs-KqE/default.jpg','Eric Stone Trucker','223',NULL),(3466,1,'VLOG｜当旅行博主用5000元策划你的南意旅行🇮🇹','https://www.youtube.com/watch?v=yYASn78aM9U','這段影片是關於旅行博主用5000元策劃南意大利旅行的VLOG。',1,'2026-03-29 21:55:21','2026-03-29 21:55:21','2025-08-29 14:01:04',7095,195,14,'https://i.ytimg.com/vi/yYASn78aM9U/default.jpg','Miwivon','541',NULL),(3467,2,'【人工智能】Agent Harness Engineering | Agent驾驭/管控工程 | 长时任务的缺陷 | 计算机的操作系统 | 通用型和垂直型 | 苦涩的教训 | 工程实践','https://youtu.be/qua6FfJmydo?si=2VuF_zlyXi-HWQny','這段影片介紹了Agent Harness Engineering（代理人驾驭/管控工程）中長時任務的缺陷，以及計算機操作系統中通用型和垂直型的差異，並分享了在工程實踐中所得到的苦澀教訓。',1,'2026-03-29 22:30:42','2026-03-29 22:30:42','2026-03-15 19:30:48',28171,583,58,'https://i.ytimg.com/vi/qua6FfJmydo/default.jpg','最佳拍档','1353',NULL),(3484,1,'君乐宝就是原来的三鹿？','https://www.youtube.com/watch?v=CFlvL4I4i5Q','',1,'2026-03-31 20:05:29','2026-03-31 16:21:04','2026-03-30 18:24:02',97,2,0,'https://i.ytimg.com/vi/CFlvL4I4i5Q/default.jpg','十萬個品牌故事 100k Brand Stories','585',NULL),(3494,1,'重口味丹丹首度露出？！交往對象竟然是這個職業？！ 立東能把握住好雞會嗎？？#張立東 #丹丹 #富邦ANGELS','https://www.youtube.com/watch?v=5X81D22AF74','',1,'2026-04-02 18:35:54','2026-04-02 18:33:43','2026-04-02 18:00:16',1730,113,5,'https://i.ytimg.com/vi/5X81D22AF74/default.jpg','東東隆咚鏘','1110',NULL),(3554,1,'I\'m not supposed to have this...','https://www.youtube.com/watch?v=vDMpANNGND4','',1,'2026-04-04 11:47:07','2026-04-04 11:15:20','2026-04-04 04:54:02',276014,17956,1632,'https://i.ytimg.com/vi/vDMpANNGND4/default.jpg','JerryRigEverything','653',NULL),(3568,1,'馬來西亞第一天, 行李全丟! 誰來救我?','https://www.youtube.com/watch?v=I45H0j7l2D4','',1,'2026-04-04 11:21:43','2026-04-04 11:15:31','2026-04-03 21:00:00',45097,1379,81,'https://i.ytimg.com/vi/I45H0j7l2D4/default.jpg','more torres pit','716',NULL),(3601,1,'【銷售數字】2026 年 3 月｜Model Y 一躍成為單一車種銷售冠軍！第一季掛牌數為 96,434 輛 較去年同期小幅下滑 3.4%【7Car小七車觀點】','https://www.youtube.com/watch?v=3Sajb-4Py-Q','',1,'2026-04-04 11:17:08','2026-04-04 11:16:21','2026-04-02 18:45:00',5470,89,25,'https://i.ytimg.com/vi/3Sajb-4Py-Q/default.jpg','7Car小七車觀點','1969',NULL),(3602,1,'三星 Z Fold4 拆解：结构精简，防水依旧！【享拆】- 微机分WekiHome','https://www.youtube.com/watch?v=AZ4rLq4VJ5U','',1,'2026-04-04 11:25:35','2026-04-04 11:25:35','2022-09-29 12:00:05',46632,900,52,'https://i.ytimg.com/vi/AZ4rLq4VJ5U/default.jpg','微机分WekiHome','699',NULL),(3653,1,'March Vlog. 不要错过春天的日夜🍦','https://www.youtube.com/watch?v=qajoHr8kPDM','',1,'2026-04-04 16:53:17','2026-04-04 16:35:34','2026-04-02 12:19:05',6694,97,10,'https://i.ytimg.com/vi/qajoHr8kPDM/default.jpg','Anny Shi','856',NULL),(3671,1,'我来到丰都鬼城  废弃地让人发毛 现实中的幽冥世界','https://www.youtube.com/watch?v=7BAzPYJihvg','',1,'2026-04-04 16:36:54','2026-04-04 16:35:53','2026-04-04 15:00:00',1034,76,17,'https://i.ytimg.com/vi/7BAzPYJihvg/default.jpg','维森来了Wilson','1011',NULL),(3706,1,'日本的单身老阿姨，下班就住在车里吃喝玩乐，夜生活能有多潇洒？','https://www.youtube.com/watch?v=XQwzQaF_Fq4','',1,'2026-04-04 17:21:08','2026-04-04 17:18:11','2026-04-04 17:00:42',60,0,0,'https://i.ytimg.com/vi/XQwzQaF_Fq4/default.jpg','无影解说','1281',NULL),(3708,1,'偶遇巨型北极贝！刺身鲜甜爆汁，鸡汤汆烫更绝直接吃到撑【小文哥吃吃吃 】','https://www.youtube.com/watch?v=KN4Zs-4Sb1A','',1,'2026-04-04 17:28:36','2026-04-04 17:18:16','2026-04-04 17:00:00',77,2,0,'https://i.ytimg.com/vi/KN4Zs-4Sb1A/default.jpg','小文哥吃吃吃','2028',NULL),(3809,1,'在北極圈定居30年的香港夫妻開中餐廳養活一家人：家在哪 哪就好','https://www.youtube.com/watch?v=rwQw79J5Zxk','',1,'2026-04-05 11:56:16','2026-04-05 11:08:16','2026-04-05 10:00:00',67,6,1,'https://i.ytimg.com/vi/rwQw79J5Zxk/default.jpg','Anson安森森','265',NULL),(4229,1,'「艾叔」太好吃了吧！廈門隱藏小吃館，跟着本地人吃到了廈門真正的靈魂美食#廈門 #旅行 #小吃 #探店  #shorts','https://www.youtube.com/shorts/vs3DSpFJg44','',1,'2026-04-07 13:28:16','2026-04-05 12:01:06','2026-04-02 17:01:09',1076,19,2,'https://i.ytimg.com/vi/vs3DSpFJg44/default.jpg','小艾大叔Albert','180',NULL),(4261,1,'175公分征服NBA！場均狂轟將近30分，Isaiah Thomas當年究竟有多強？','https://www.youtube.com/watch?v=sSiqGDWwMNw','',1,'2026-04-07 13:54:08','2026-04-07 13:52:35','2026-04-05 11:48:46',69553,1187,93,'https://i.ytimg.com/vi/sSiqGDWwMNw/default.jpg','10N觀點','662',NULL),(4297,1,'花2160元拿下一箱生蚝公主！玫瑰粉钻生蚝，刺身炫到停不下来【小文哥吃吃吃】','https://www.youtube.com/watch?v=CdCMRaquH8o','',1,'2026-04-08 11:38:01','2026-04-08 11:37:10','2026-04-07 09:02:25',6736,135,3,'https://i.ytimg.com/vi/CdCMRaquH8o/default.jpg','小文哥吃吃吃','1829',NULL),(4300,1,'下七股野溪溫泉現在太讚了吧！｜台灣野太美 ｜威毅差點要被修理了','https://www.youtube.com/watch?v=71lQsAtCT94','',1,'2026-04-08 11:38:15','2026-04-08 11:37:13','2026-04-06 12:00:07',22633,565,20,'https://i.ytimg.com/vi/71lQsAtCT94/default.jpg','大海旅人','575',NULL),(4306,1,'VLIW: The “Impossible” Computer','https://www.youtube.com/watch?v=J7157XB8rxc','',1,'2026-04-08 11:41:02','2026-04-08 11:37:19','2026-04-05 23:00:16',89153,5077,440,'https://i.ytimg.com/vi/J7157XB8rxc/default.jpg','Asianometry','2368',NULL),(4437,1,'【東東精華】婆的房間都有什麼？！各種睡姿大公開！！ #張立東 #來去婆家','https://www.youtube.com/watch?v=umS1amD-VNo','',0,NULL,'2026-04-08 14:48:10','2026-04-07 12:01:43',6002,157,6,'https://i.ytimg.com/vi/umS1amD-VNo/default.jpg','東東隆咚鏘','619',NULL),(4438,1,'【Token经济】讲讲token背后的既得利益者','https://www.youtube.com/watch?v=EgARnqsYDEY','',0,NULL,'2026-04-08 14:48:14','2026-04-07 07:25:16',121,8,7,'https://i.ytimg.com/vi/EgARnqsYDEY/default.jpg','陈陈陈Clara','591',NULL),(4439,1,'台湾真有偏见？两岸认知差距远超想象，真实原因很少人敢说。#历史 #文化 #聊天 #纪实 #窦文涛 #马未都 #马家辉 #周轶君 #熱門 #推薦 #香港','https://www.youtube.com/watch?v=zIIG7eG62mY','',0,NULL,'2026-04-08 14:48:15','2026-04-08 12:01:46',84,0,1,'https://i.ytimg.com/vi/zIIG7eG62mY/default.jpg','纪录片研习社','3436',NULL),(4440,1,'6位博主，十萬本金，限時100天理財挑戰！金價油價暴漲暴跌，2026理財還能賺錢嗎？誰將成為最強理財王？ | LKs','https://www.youtube.com/watch?v=YcNQBDX1oIo','',0,NULL,'2026-04-08 14:48:16','2026-04-08 10:01:03',3331,95,13,'https://i.ytimg.com/vi/YcNQBDX1oIo/default.jpg','LKs OFFICIAL CHANNEL','508',NULL),(4441,1,'潘家华：化石能源即将退出，风光能源一枝独秀','https://www.youtube.com/watch?v=v6q7tqd6tCs','',0,NULL,'2026-04-08 14:48:18','2026-04-08 03:13:09',377,9,4,'https://i.ytimg.com/vi/v6q7tqd6tCs/default.jpg','太学TAIXUE','2743',NULL),(4442,1,'台灣最慘的16個消失大學！南榮科大只排12，明道大學排第4，第一名結局實在太慘。|#世界之最top #世界之最 #環球之最 #腦洞大開 #top10 #台灣 #最慘大學 #消失大學','https://www.youtube.com/watch?v=1AwTpUMJvhY','',0,NULL,'2026-04-08 14:48:18','2026-04-08 06:57:13',20265,278,65,'https://i.ytimg.com/vi/1AwTpUMJvhY/default.jpg','世界之最TOP','2048',NULL),(4443,1,'【下班瀚你聊】和平之旅翻紅?沈富雄:鄭習會讓KMT回血?!躺平換和平?習近平罩門被摸透?!2026-04-08 Ep.366@TheStormMedia','https://www.youtube.com/watch?v=jTOqtE1kiGs','',0,NULL,'2026-04-08 14:48:20','2026-04-08 12:00:06',7528,186,124,'https://i.ytimg.com/vi/jTOqtE1kiGs/default.jpg','風傳媒 The Storm Media','3147',NULL),(4444,1,'航空公司倒找我錢？坐土耳其航空從馬尼拉飛法國波爾多！最后竟然赚了200欧元！｜turkish airlines｜伊斯坦布爾｜伊斯坦堡｜波尔多｜Bordeaux｜MNL—BOD','https://www.youtube.com/watch?v=3x93baPl15o','',0,NULL,'2026-04-08 14:48:21','2026-04-07 09:32:10',31282,1308,128,'https://i.ytimg.com/vi/3x93baPl15o/default.jpg','老宋CHANNEL','1396',NULL),(4445,1,'勞保年金延後領比較划算？實際試算給你看 早領其實可以早享受！｜郭莉芳、王志郁｜【富足今周起】EP97','https://www.youtube.com/watch?v=GubSAWArNiI','',0,NULL,'2026-04-08 14:48:22','2026-04-08 12:00:06',511,20,2,'https://i.ytimg.com/vi/GubSAWArNiI/default.jpg','今周刊','1462',NULL),(4446,1,'日本49岁的单身老阿姨，白天流浪晚上睡网吧，夜生活有多潇洒？','https://www.youtube.com/watch?v=c4U5J-e6DcI','',0,NULL,'2026-04-08 14:48:23','2026-04-08 09:00:53',1904,43,6,'https://i.ytimg.com/vi/c4U5J-e6DcI/default.jpg','无影解说','1280',NULL),(4447,1,'🔴【每日要聞】美伊終於停火談判，全球股市暴力反彈！川普感謝好朋友習近平！SpaceX帶火太空概念股，Anthropic發明最強黑客！｜小翠時政財經 20260408','https://www.youtube.com/watch?v=wiuD2TM43w8','',0,NULL,'2026-04-08 14:49:32','2026-04-08 13:40:58',12825,610,25,'https://i.ytimg.com/vi/wiuD2TM43w8/default.jpg','小翠時政財經','2982',NULL),(4448,1,'日本最被低估的溫泉縣！群馬居然藏著神隱少女世界！烤饅頭、拉麵、群馬優酪乳','https://www.youtube.com/watch?v=ovito8G2xrg','',0,NULL,'2026-04-08 14:49:32','2026-04-06 13:01:21',17854,355,34,'https://i.ytimg.com/vi/ovito8G2xrg/default.jpg','小象愛出門Elephant GoGo','1583',NULL),(4449,1,'香港美食｜88元任食小龍蝦、珍奶、多款火鍋配料｜可能是最有性價比午市火鍋放題｜牛站尖沙咀｜自助餐','https://www.youtube.com/watch?v=u9waZl7GkJg','',0,NULL,'2026-04-08 14:50:42','2026-04-08 10:01:24',1296,88,25,'https://i.ytimg.com/vi/u9waZl7GkJg/default.jpg','小旺士多 siuwong','481',NULL),(4450,1,'花238RMB逛吃山姆，回出租屋在整一顿无敌大餐快乐直接拉满【小岳来了】','https://www.youtube.com/watch?v=B7mfzddK3s8','',0,NULL,'2026-04-08 14:50:43','2026-04-07 10:00:16',13647,213,28,'https://i.ytimg.com/vi/B7mfzddK3s8/default.jpg','小岳来了24','834',NULL),(4451,1,'「艾叔」鶴崗，這座在網絡上定義為「被逃離」的城市，正在被年輕人重新定義 #鶴崗 #vlog #生活記錄 #家鄉 #shorts','https://www.youtube.com/shorts/XavaYoyj9fc','',0,NULL,'2026-04-08 14:50:43','2026-04-07 09:00:52',957,19,2,'https://i.ytimg.com/vi/XavaYoyj9fc/default.jpg','小艾大叔Albert','180',NULL),(4452,1,'四个孩子的单亲爸爸,蜗居10㎡的小屋，一天两份工只为拼命活着【小白的奇幻旅行】','https://www.youtube.com/watch?v=IMsZrxpCsGQ','',0,NULL,'2026-04-08 14:50:44','2026-04-08 10:00:37',33741,3330,171,'https://i.ytimg.com/vi/IMsZrxpCsGQ/default.jpg','小白的奇幻旅行','1316',NULL),(4453,1,'穿着毛衣的黑琵琶虾，奇丑无比，出锅后却非常的好吃【小文哥吃吃吃】','https://www.youtube.com/watch?v=_9AAHTPQexw','',0,NULL,'2026-04-08 14:50:44','2026-04-08 12:19:46',856,30,0,'https://i.ytimg.com/vi/_9AAHTPQexw/default.jpg','小文哥吃吃吃','2018',NULL),(4454,1,'南美特色碳烤章鱼足凭啥能卖这个价？！','https://www.youtube.com/watch?v=H8uLL7cC_5U','',0,NULL,'2026-04-08 14:50:45','2026-04-06 10:00:23',15397,337,39,'https://i.ytimg.com/vi/H8uLL7cC_5U/default.jpg','大祥哥來了','1148',NULL),(4455,1,'走進世界最大的花卉拍賣市場，日交易額高達3300萬歐元，如何處理全球超半鮮花交易？#大脑洞记事','https://www.youtube.com/watch?v=oHzG9x0aEW4','',0,NULL,'2026-04-08 14:50:45','2026-04-06 09:00:00',2103,46,2,'https://i.ytimg.com/vi/oHzG9x0aEW4/default.jpg','大脑洞记事','944',NULL),(4456,1,'這些刻進DNA的遊戲旋律，你能認出幾個？ 【不要唱挑戰第1期】｜大狸子切切裡','https://www.youtube.com/watch?v=V7TnyIwoWGg','',0,NULL,'2026-04-08 14:50:45','2026-04-08 12:23:38',2052,160,19,'https://i.ytimg.com/vi/V7TnyIwoWGg/default.jpg','大狸子切切裡 Cherry OFFICIAL CHANNEL','1901',NULL),(4457,1,'長期背痛手麻、頭痛胸悶，到難以入眠？全部都是脊椎出了問題！！@DOILYLIFE','https://www.youtube.com/watch?v=plCvPFCj0LQ','',0,NULL,'2026-04-08 14:50:46','2026-04-08 10:01:33',5372,412,34,'https://i.ytimg.com/vi/plCvPFCj0LQ/default.jpg','三個字SunGuts','790',NULL),(4458,1,'從行業前三到負債32億破產！志高空調到底做錯了什麼？','https://www.youtube.com/watch?v=UL082fw7Czk','',0,NULL,'2026-04-08 14:50:46','2026-04-08 11:29:57',56,0,0,'https://i.ytimg.com/vi/UL082fw7Czk/default.jpg','十萬個品牌故事 100k Brand Stories','427',NULL),(4459,1,'湖南神人耗資千萬造園，老外驚嘆：真正的中國人的房子 Hunan Man Spends Tens of Millions Building Garden','https://www.youtube.com/watch?v=sG6im-o3jcw','',0,NULL,'2026-04-08 14:50:47','2026-04-07 12:01:42',8651,291,13,'https://i.ytimg.com/vi/sG6im-o3jcw/default.jpg','一条Yit','304',NULL),(4460,1,'2026東風日產NX8上市發布會','https://www.youtube.com/watch?v=bvfgy7wYVys','',0,NULL,'2026-04-08 14:50:48','2026-04-08 12:23:54',5,2,0,'https://i.ytimg.com/vi/bvfgy7wYVys/default.jpg','车韵之享','419',NULL),(4461,1,'香港明星保姆遠赴上海追愛7年，在街市邊賣魚蛋豬扒飯：我圓夢喇！','https://www.youtube.com/watch?v=W3cSopkrccQ','',0,NULL,'2026-04-08 14:50:49','2026-04-08 00:38:47',1862,47,2,'https://i.ytimg.com/vi/W3cSopkrccQ/default.jpg','Anson安森森','308',NULL),(4462,1,'為什麼「說出」流利的日文很難？90%的人都搞錯的「影子跟讀法」vs.「複誦」的差別','https://www.youtube.com/watch?v=gKiksD-e1iI','',0,NULL,'2026-04-08 14:50:51','2026-04-07 10:01:09',7148,371,19,'https://i.ytimg.com/vi/gKiksD-e1iI/default.jpg','Amber.L','638',NULL),(4463,1,'Shrimp Pasta - Chef in Italy shares Recipe','https://www.youtube.com/watch?v=Ng1EosC9Khc','',0,NULL,'2026-04-08 14:50:54','2026-04-06 08:54:13',47608,1379,90,'https://i.ytimg.com/vi/Ng1EosC9Khc/default.jpg','Aden Films','1023',NULL),(4464,1,'（珍貴錄像）李小龍有真功夫嗎？成龍單挑李小龍，誰的勝算大？成龍：李小龍不是我的對手，截拳道是個屁！他看不起李小龍的功夫，結果差點被打暈！還說李小龍被神話了？','https://www.youtube.com/watch?v=FAyvkbOL_hY','',1,'2026-04-08 14:51:34','2026-04-08 14:50:55','2026-04-08 12:00:25',289,2,0,'https://i.ytimg.com/vi/FAyvkbOL_hY/default.jpg','996創業家造雨俠','1527',NULL),(4465,1,'依然全聯盟最高效後衛！復出後場均25分鐘狂轟23分的Stephen Curry是否完全做好了季後賽準備？意外得到更多幫手、更和弟弟打出默契配合，勇士：剛剛開始｜澤北SG','https://www.youtube.com/watch?v=tm0eXq-ZCBU','',0,NULL,'2026-04-08 14:50:57','2026-04-08 12:31:20',13142,359,37,'https://i.ytimg.com/vi/tm0eXq-ZCBU/default.jpg','澤北SG','616',NULL),(4466,1,'別買了！使用69分鐘AirPods Max 2後，發現2024款更值得購買！feat.開箱、評測、 三大改進、音質、降噪對比｜大耳朵TV','https://www.youtube.com/watch?v=1JEt0T7PXqk','',0,NULL,'2026-04-08 14:50:58','2026-04-06 12:43:39',51613,913,111,'https://i.ytimg.com/vi/1JEt0T7PXqk/default.jpg','大耳朵TV','599',NULL),(4467,1,'【新車試駕】Mercedes-Benz CLA 220 ｜入門 CLA 不入門！開完才懂！是電還是油香？ 【7Car小七車觀點】','https://www.youtube.com/watch?v=6JNrflDJwMM','',0,NULL,'2026-04-08 14:50:59','2026-04-07 10:00:20',11161,162,19,'https://i.ytimg.com/vi/6JNrflDJwMM/default.jpg','7Car小七車觀點','1506',NULL),(4468,1,'【对谈林志玲】顶峰相遇却错过？林志玲言承旭17年从相恋到错过的真相！#历史 #文化 #聊天 #纪实 #窦文涛 #马未都 #马家辉  #熱門 #推薦 #香港#林志玲 #蔡康永','https://www.youtube.com/watch?v=qxrREhyHrWw','',0,NULL,'2026-04-08 15:22:12','2026-04-08 12:01:37',119,3,0,'https://i.ytimg.com/vi/qxrREhyHrWw/default.jpg','纪录片研习社','3573',NULL),(4469,1,'全世界最驚人的10個預言！《辛普森一家》再次命中“美伊戰爭”，第一名直接揭秘“人類末日”。|#世界之最top #世界之最 #環球之最 #腦洞大開 #top10 #最驚人預言 #2026預言','https://www.youtube.com/watch?v=PnkoIAMA1ko','',0,NULL,'2026-04-08 15:22:14','2026-04-06 02:45:23',119421,2296,126,'https://i.ytimg.com/vi/PnkoIAMA1ko/default.jpg','世界之最TOP','1939',NULL),(4470,1,'日本的低学历女生，找不到好工作只能回乡下种地，一天有多充实？','https://www.youtube.com/watch?v=WMb8iRowhaI','',0,NULL,'2026-04-08 15:22:19','2026-04-07 09:00:42',13832,160,9,'https://i.ytimg.com/vi/WMb8iRowhaI/default.jpg','无影解说','1279',NULL),(4471,1,'中國人的出路在哪裡？如果黑天鵝來了，你能扛得住嗎？人生規劃，先反脆弱！｜小翠時政財經 20260407#843','https://www.youtube.com/watch?v=0myt7REDxJk','',0,NULL,'2026-04-08 15:22:19','2026-04-08 03:00:01',24179,1198,71,'https://i.ytimg.com/vi/0myt7REDxJk/default.jpg','小翠時政財經','803',NULL),(4472,1,'苏州人嫌弃，北京人狂买。稻香村竟然分南北？','https://www.youtube.com/watch?v=_wzPu_eAyUQ','',0,NULL,'2026-04-08 15:22:23','2026-04-08 10:06:37',20,2,0,'https://i.ytimg.com/vi/_wzPu_eAyUQ/default.jpg','十萬個品牌故事 100k Brand Stories','621',NULL),(4473,1,'从深圳到哈爾濱，15款新能源充電實測','https://www.youtube.com/watch?v=JvjBY-xVaF4','',0,NULL,'2026-04-08 15:22:25','2026-04-07 09:13:16',22,1,1,'https://i.ytimg.com/vi/JvjBY-xVaF4/default.jpg','车韵之享','783',NULL),(4474,1,'完全不想放棄季後賽！明明已經受傷報銷的Luka Doncic是否真有希望首輪提前復出？LBJ單核轟下30+準大三元、三分射手竟然單場狂搶16個籃板，湖人：還沒結束｜澤北SG','https://www.youtube.com/watch?v=1P843K8RD1c','',0,NULL,'2026-04-08 15:22:34','2026-04-07 12:06:44',75272,1000,208,'https://i.ytimg.com/vi/1P843K8RD1c/default.jpg','澤北SG','609',NULL),(4475,1,'【影音新聞】售價調整配備升級 寶嘉聯合發表 2026 年式 Peugeot / Citroën 車系【7Car小七車觀點】','https://www.youtube.com/watch?v=oFkCgt-Rw6o','',0,NULL,'2026-04-08 15:22:35','2026-04-06 04:00:52',13377,169,45,'https://i.ytimg.com/vi/oFkCgt-Rw6o/default.jpg','7Car小七車觀點','330',NULL);
/*!40000 ALTER TABLE `videos` ENABLE KEYS */;
UNLOCK TABLES;
/*!40103 SET TIME_ZONE=@OLD_TIME_ZONE */;

/*!40101 SET SQL_MODE=@OLD_SQL_MODE */;
/*!40014 SET FOREIGN_KEY_CHECKS=@OLD_FOREIGN_KEY_CHECKS */;
/*!40014 SET UNIQUE_CHECKS=@OLD_UNIQUE_CHECKS */;
/*!40101 SET CHARACTER_SET_CLIENT=@OLD_CHARACTER_SET_CLIENT */;
/*!40101 SET CHARACTER_SET_RESULTS=@OLD_CHARACTER_SET_RESULTS */;
/*!40101 SET COLLATION_CONNECTION=@OLD_COLLATION_CONNECTION */;
/*!40111 SET SQL_NOTES=@OLD_SQL_NOTES */;

-- Dump completed on 2026-04-09  8:02:34
